Category,Title,Timer,Text,Option 1,Option 1 success,Option 1 Fail,Option 2,Option 2 Success,Option 2 Fail,O1 Success Stamina change,O1 Success Stress change,O1 Success Cash Change,O1 Success Grades change,O1 Success Crimes change,O1 Success Time cost (min),O1 Fail Stamina change,O1 Fail Stress change,O1 Fail Cash Change,O1 Fail Grades change,O1 Fail Crimes change,O1 Fail Time cost (min),O2 Success Stamina change,O2 Success Stress change,O2 Success Cash Change,O2 Success Grades change,O2 Success Crimes change,O2 Success Time cost (min),O2 Fail Stamina change,O2 Fail Stress change,O2 Fail Cash Change,O2 Fail Grades change,O2 Fail Crimes change,O2 Fail Time cost (min),Skip Stamina change,Skip Stress change,Skip Cash Change,Skip Grades change,Skip Crimes change,Skip Time cost (min)
,,"0 means none, DD:HH:MM",,,,,,,,scale 0 - 100,scale 0 - infinity,"pounds, 0 - infinity",percent 0-100,scale 0 - infinity,minutes,scale 0 - 100,scale 0 - infinity,"pounds, 0 - infinity",percent 0-100,scale 0 - infinity,minutes,scale 0 - 100,scale 0 - infinity,"pounds, 0 - infinity",percent 0-100,scale 0 - infinity,minutes,scale 0 - 100,scale 0 - infinity,"pounds, 0 - infinity",percent 0-100,scale 0 - infinity,minutes,scale 0 - 100,scale 0 - infinity,"pounds, 0 - infinity",percent 0-100,scale 0 - infinity,minutes
Uni,Write Essay,5:00:00,You have a 3000 word essay to write.,You do the work to the best of your abilitites to get a good grade.,"The feedback is short and satisfying, your score is one of the best in the year.","Despite your efforts, you can't concentrate, and the end result isn't up to scratch",,,,-50,10,0,10,0,300,-50,15,0,0,0,300,,,,,,,,,,,,,0,5,0,-10,0,0
Uni,Study,0,"There is always something to catch up on. You should put some Uni work in, so you stay on top of things.","Work for 2 hours, catch up on some reading to be done.",It's an interesting read and you make good progress. Reminds you why you chose this course.,"You have trouble concentrating on the text, your mind wonders on other problems. After you finish, you don't remember too much of what you read.",,,,-10,0,0,10,0,120,-10,0,0,5,0,120,,,,,,,,,,,,,0,0,0,0,0,0
Uni,Group Project 1,7:00:00,"You have a group project to work on at Uni. They seem like a competent bunch, but no-one is taking chagre and you are all a bit disorganzied.","Take charge. If you can beat up a bunch of criminals daily, surely you can keep your group on task.","You speak up. Ask important questions, delegate tasks, schedule the next meeting. The earlier indecision is gone, you are getting things done. You feel proud, but you also feel the extra pressure.","You speak up. Ask important questions, delegate tasks, schedule the next meeting. Progress is made, but you feel like the others are just going along. It is better than before, but now you have a group to manage, and everyone is expecting the solutions from you. Great.",,,,-20,10,0,10,0,120,-20,15,0,0,0,120,,,,,,,,,,,,,0,0,0,-20,0,0
Uni,Group Project 2,7:00:00,"In your group project, one of your team members isn't pulling their weight. He has been late on his agreed task for a week now, and this is holding you up.","Confront him. Ask what is causing him to be so behind, and if he can deliver it in the near future. ","After messaging him about the problem, he admits that he hasn't been doing what he promised. He explains that he has had money problems, and he must work full time to not lose his apartment. He promises to finish up with his task and send it. You are pleasantly surprised when he send it over a few hours later.","You message him about it, but he quickly gets defensive. You must have been too accusatory in your message. You are pretty sure the rest of the team will have to do his job too.",,,,-15,5,0,10,0,60,-15,10,0,-5,0,60,,,,,,,,,,,,,0,0,0,-20,0,0
Uni,Group Project 3,7:00:00,"The project is almost finished, but the deadline is tomorrow. You could wrap up your part in a few hours, or pull an all-nighter to achieve a much higher quality.",Pull an all-nighter. You really need a good grade.,"You are exhausted, but it was worth it. You put everything you had into this, and the result speaks for itself.","You are exhausted, and have been for hours. As a result the extra work didn't exactly translate better quality. You probably would have been better off just sleeping.",,,,-50,0,0,10,0,480,-50,0,0,0,0,480,,,,,,,,,,,,,0,0,0,-20,0,0
Uni,Attend Lecture,1:00:00,"Although not mandatory, the lectures are extremely helpful and provide a significant amount of the knowledge required to pass.",Go and pay attention to the lecturer.,You listen to every word spoken carefully and take detailed and organized notes.,You were up all night fighting crime and were just too exhausted to pay attention.,,,,-10,0,0,5,0,60,-15,0,0,-5,0,60,,,,,,,,,,,,,0,0,0,-5,0,0
Uni,Sit an Exam,3:00:00,"Exam time! This is a big part of your grade, so you must do well!",Try to ace the exam!,Excellent work! You answered all questions and are pretty happy with yourself!,The crime levels in the city prevented you from revising enough... the stress didn't help much as well.,,,,-10,0,0,15,0,150,-15,0,0,-10,0,150,,,,,,,,,,,,,0,0,0,-15,0,0
Uni,Meet Personal Tutor,1:00:00,Meeting regularly with your personal tutor is important to stay ahead of all university work and ensure you meet all deadlines.,Go to the meeting.,The meeting went very well! You discussed all modules in great detail and are confident you're not going to struggle with them.,"The meeting wasn't very helpful. Although the tutor is doing their best to help, they couldn't possibly understand your struggles and you can't let them know who you really are...",,,,-10,0,0,5,0,60,-10,0,0,-5,0,60,,,,,,,,,,,,,0,0,0,-5,0,0
Uni,Help Classmate,2:00:00,A classmate has asked you for help with a module.,Help them out.,You understand the subject well and explain everything in a patient manner. Your friend seems to get it.,"Your friend is under a lot of stress too, perhaps it will be better for them to seek out help from a lecturer or even the Wellbeing team.",,,,-10,0,0,5,0,90,-10,0,0,0,0,90,,,,,,,,,,,,,0,0,0,0,0,0
Uni,Do Homework,1:00:00,A lot of individual work needs to be put into each module. You won't pass by just attending the lectures!,Spend 2 hours to get the homework done.,"Good thing you listened carefully in the lecture, otherwise this homework would have been much more difficult!",They must have taught this in the lecture you skipped because you were out fighting crime... ,,,,-10,0,0,5,0,120,-10,0,0,-5,0,120,,,,,,,,,,,,,0,0,0,-10,0,0
Uni,Attend Lecture,1:00:00,"Although not mandatory, the lectures are extremely helpful and provide a significant amount of the knowledge required to pass.",Go and pay attention to the lecturer.,You listen to every word spoken carefully and take detailed and organized notes.,You were up all night fighting crime and were just too exhausted to pay attention.,,,,-10,0,0,5,0,60,-15,0,0,-5,0,60,,,,,,,,,,,,,0,0,0,-5,0,0
Uni,Study,0,"There is always something to catch up on. You should put some Uni work in, so you stay on top of things.","Work for 2 hours, catch up on some reading to be done.",It's an interesting read and you make good progress. Reminds you why you chose this course.,"You have trouble concentrating on the text, your mind wonders on other problems. After you finish, you don't remember too much of what you read.",,,,-10,0,0,10,0,120,-10,0,0,5,0,120,,,,,,,,,,,,,0,0,0,0,0,0
Uni,Do Homework,1:00:00,A lot of individual work needs to be put into each module. You won't pass by just attending the lectures!,Spend 2 hours to get the homework done.,"Good thing you listened carefully in the lecture, otherwise this homework would have been much more difficult!",They must have taught this in the lecture you skipped because you were out fighting crime... ,,,,-10,0,0,5,0,120,-10,0,0,-5,0,120,,,,,,,,,,,,,0,0,0,-10,0,0
Uni,Attend Lecture,1:00:00,"Although not mandatory, the lectures are extremely helpful and provide a significant amount of the knowledge required to pass.",Go and pay attention to the lecturer.,You listen to every word spoken carefully and take detailed and organized notes.,You were up all night fighting crime and were just too exhausted to pay attention.,,,,-10,0,0,5,0,60,-15,0,0,-5,0,60,,,,,,,,,,,,,0,0,0,-5,0,0
Uni,Study,0,"There is always something to catch up on. You should put some Uni work in, so you stay on top of things.","Work for 2 hours, catch up on some reading to be done.",It's an interesting read and you make good progress. Reminds you why you chose this course.,"You have trouble concentrating on the text, your mind wonders on other problems. After you finish, you don't remember too much of what you read.",,,,-10,0,0,10,0,120,-10,0,0,5,0,120,,,,,,,,,,,,,0,0,0,0,0,0
Uni,Do Homework,1:00:00,A lot of individual work needs to be put into each module. You won't pass by just attending the lectures!,Spend 2 hours to get the homework done.,"Good thing you listened carefully in the lecture, otherwise this homework would have been much more difficult!",They must have taught this in the lecture you skipped because you were out fighting crime... ,,,,-10,0,0,5,0,120,-10,0,0,-5,0,120,,,,,,,,,,,,,0,0,0,-10,0,0
Uni,Attend Lecture,1:00:00,"Although not mandatory, the lectures are extremely helpful and provide a significant amount of the knowledge required to pass.",Go and pay attention to the lecturer.,You listen to every word spoken carefully and take detailed and organized notes.,You were up all night fighting crime and were just too exhausted to pay attention.,,,,-10,0,0,5,0,60,-15,0,0,-5,0,60,,,,,,,,,,,,,0,0,0,-5,0,0
Uni,Study,0,"There is always something to catch up on. You should put some Uni work in, so you stay on top of things.","Work for 2 hours, catch up on some reading to be done.",It's an interesting read and you make good progress. Reminds you why you chose this course.,"You have trouble concentrating on the text, your mind wonders on other problems. After you finish, you don't remember too much of what you read.",,,,-10,0,0,10,0,120,-10,0,0,5,0,120,,,,,,,,,,,,,0,0,0,0,0,0
Uni,Do Homework,1:00:00,A lot of individual work needs to be put into each module. You won't pass by just attending the lectures!,Spend 2 hours to get the homework done.,"Good thing you listened carefully in the lecture, otherwise this homework would have been much more difficult!",They must have taught this in the lecture you skipped because you were out fighting crime... ,,,,-10,0,0,5,0,120,-10,0,0,-5,0,120,,,,,,,,,,,,,0,0,0,-10,0,0
Uni,Attend Lecture,1:00:00,"Although not mandatory, the lectures are extremely helpful and provide a significant amount of the knowledge required to pass.",Go and pay attention to the lecturer.,You listen to every word spoken carefully and take detailed and organized notes.,You were up all night fighting crime and were just too exhausted to pay attention.,,,,-10,0,0,5,0,60,-15,0,0,-5,0,60,,,,,,,,,,,,,0,0,0,-5,0,0
Uni,Study,0,"There is always something to catch up on. You should put some Uni work in, so you stay on top of things.","Work for 2 hours, catch up on some reading to be done.",It's an interesting read and you make good progress. Reminds you why you chose this course.,"You have trouble concentrating on the text, your mind wonders on other problems. After you finish, you don't remember too much of what you read.",,,,-10,0,0,10,0,120,-10,0,0,5,0,120,,,,,,,,,,,,,0,0,0,0,0,0
Uni,Do Homework,1:00:00,A lot of individual work needs to be put into each module. You won't pass by just attending the lectures!,Spend 2 hours to get the homework done.,"Good thing you listened carefully in the lecture, otherwise this homework would have been much more difficult!",They must have taught this in the lecture you skipped because you were out fighting crime... ,,,,-10,0,0,5,0,120,-10,0,0,-5,0,120,,,,,,,,,,,,,0,0,0,-10,0,0
Uni,Attend Lecture,1:00:00,"Although not mandatory, the lectures are extremely helpful and provide a significant amount of the knowledge required to pass.",Go and pay attention to the lecturer.,You listen to every word spoken carefully and take detailed and organized notes.,You were up all night fighting crime and were just too exhausted to pay attention.,,,,-10,0,0,5,0,60,-15,0,0,-5,0,60,,,,,,,,,,,,,0,0,0,-5,0,0
Uni,Study,0,"There is always something to catch up on. You should put some Uni work in, so you stay on top of things.","Work for 2 hours, catch up on some reading to be done.",It's an interesting read and you make good progress. Reminds you why you chose this course.,"You have trouble concentrating on the text, your mind wonders on other problems. After you finish, you don't remember too much of what you read.",,,,-10,0,0,10,0,120,-10,0,0,5,0,120,,,,,,,,,,,,,0,0,0,0,0,0
Uni,Do Homework,1:00:00,A lot of individual work needs to be put into each module. You won't pass by just attending the lectures!,Spend 2 hours to get the homework done.,"Good thing you listened carefully in the lecture, otherwise this homework would have been much more difficult!",They must have taught this in the lecture you skipped because you were out fighting crime... ,,,,-10,0,0,5,0,120,-10,0,0,-5,0,120,,,,,,,,,,,,,0,0,0,-10,0,0
Uni,Attend Lecture,1:00:00,"Although not mandatory, the lectures are extremely helpful and provide a significant amount of the knowledge required to pass.",Go and pay attention to the lecturer.,You listen to every word spoken carefully and take detailed and organized notes.,You were up all night fighting crime and were just too exhausted to pay attention.,,,,-10,0,0,5,0,60,-15,0,0,-5,0,60,,,,,,,,,,,,,0,0,0,-5,0,0
Uni,Study,0,"There is always something to catch up on. You should put some Uni work in, so you stay on top of things.","Work for 2 hours, catch up on some reading to be done.",It's an interesting read and you make good progress. Reminds you why you chose this course.,"You have trouble concentrating on the text, your mind wonders on other problems. After you finish, you don't remember too much of what you read.",,,,-10,0,0,10,0,120,-10,0,0,5,0,120,,,,,,,,,,,,,0,0,0,0,0,0
Uni,Do Homework,1:00:00,A lot of individual work needs to be put into each module. You won't pass by just attending the lectures!,Spend 2 hours to get the homework done.,"Good thing you listened carefully in the lecture, otherwise this homework would have been much more difficult!",They must have taught this in the lecture you skipped because you were out fighting crime... ,,,,-10,0,0,5,0,120,-10,0,0,-5,0,120,,,,,,,,,,,,,0,0,0,-10,0,0
Uni,Attend Lecture,1:00:00,"Although not mandatory, the lectures are extremely helpful and provide a significant amount of the knowledge required to pass.",Go and pay attention to the lecturer.,You listen to every word spoken carefully and take detailed and organized notes.,You were up all night fighting crime and were just too exhausted to pay attention.,,,,-10,0,0,5,0,60,-15,0,0,-5,0,60,,,,,,,,,,,,,0,0,0,-5,0,0
Uni,Study,0,"There is always something to catch up on. You should put some Uni work in, so you stay on top of things.","Work for 2 hours, catch up on some reading to be done.",It's an interesting read and you make good progress. Reminds you why you chose this course.,"You have trouble concentrating on the text, your mind wonders on other problems. After you finish, you don't remember too much of what you read.",,,,-10,0,0,10,0,120,-10,0,0,5,0,120,,,,,,,,,,,,,0,0,0,0,0,0
Uni,Do Homework,1:00:00,A lot of individual work needs to be put into each module. You won't pass by just attending the lectures!,Spend 2 hours to get the homework done.,"Good thing you listened carefully in the lecture, otherwise this homework would have been much more difficult!",They must have taught this in the lecture you skipped because you were out fighting crime... ,,,,-10,0,0,5,0,120,-10,0,0,-5,0,120,,,,,,,,,,,,,0,0,0,-10,0,0
Uni,Attend Lecture,1:00:00,"Although not mandatory, the lectures are extremely helpful and provide a significant amount of the knowledge required to pass.",Go and pay attention to the lecturer.,You listen to every word spoken carefully and take detailed and organized notes.,You were up all night fighting crime and were just too exhausted to pay attention.,,,,-10,0,0,5,0,60,-15,0,0,-5,0,60,,,,,,,,,,,,,0,0,0,-5,0,0
Uni,Study,0,"There is always something to catch up on. You should put some Uni work in, so you stay on top of things.","Work for 2 hours, catch up on some reading to be done.",It's an interesting read and you make good progress. Reminds you why you chose this course.,"You have trouble concentrating on the text, your mind wonders on other problems. After you finish, you don't remember too much of what you read.",,,,-10,0,0,10,0,120,-10,0,0,5,0,120,,,,,,,,,,,,,0,0,0,0,0,0
Uni,Do Homework,1:00:00,A lot of individual work needs to be put into each module. You won't pass by just attending the lectures!,Spend 2 hours to get the homework done.,"Good thing you listened carefully in the lecture, otherwise this homework would have been much more difficult!",They must have taught this in the lecture you skipped because you were out fighting crime... ,,,,-10,0,0,5,0,120,-10,0,0,-5,0,120,,,,,,,,,,,,,0,0,0,-10,0,0
Uni,Attend Lecture,1:00:00,"Although not mandatory, the lectures are extremely helpful and provide a significant amount of the knowledge required to pass.",Go and pay attention to the lecturer.,You listen to every word spoken carefully and take detailed and organized notes.,You were up all night fighting crime and were just too exhausted to pay attention.,,,,-10,0,0,5,0,60,-15,0,0,-5,0,60,,,,,,,,,,,,,0,0,0,-5,0,0
Uni,Study,0,"There is always something to catch up on. You should put some Uni work in, so you stay on top of things.","Work for 2 hours, catch up on some reading to be done.",It's an interesting read and you make good progress. Reminds you why you chose this course.,"You have trouble concentrating on the text, your mind wonders on other problems. After you finish, you don't remember too much of what you read.",,,,-10,0,0,10,0,120,-10,0,0,5,0,120,,,,,,,,,,,,,0,0,0,0,0,0
Uni,Do Homework,1:00:00,A lot of individual work needs to be put into each module. You won't pass by just attending the lectures!,Spend 2 hours to get the homework done.,"Good thing you listened carefully in the lecture, otherwise this homework would have been much more difficult!",They must have taught this in the lecture you skipped because you were out fighting crime... ,,,,-10,0,0,5,0,120,-10,0,0,-5,0,120,,,,,,,,,,,,,0,0,0,-10,0,0
Uni,Attend Lecture,1:00:00,"Although not mandatory, the lectures are extremely helpful and provide a significant amount of the knowledge required to pass.",Go and pay attention to the lecturer.,You listen to every word spoken carefully and take detailed and organized notes.,You were up all night fighting crime and were just too exhausted to pay attention.,,,,-10,0,0,5,0,60,-15,0,0,-5,0,60,,,,,,,,,,,,,0,0,0,-5,0,0
Uni,Study,0,"There is always something to catch up on. You should put some Uni work in, so you stay on top of things.","Work for 2 hours, catch up on some reading to be done.",It's an interesting read and you make good progress. Reminds you why you chose this course.,"You have trouble concentrating on the text, your mind wonders on other problems. After you finish, you don't remember too much of what you read.",,,,-10,0,0,10,0,120,-10,0,0,5,0,120,,,,,,,,,,,,,0,0,0,0,0,0
Uni,Do Homework,1:00:00,A lot of individual work needs to be put into each module. You won't pass by just attending the lectures!,Spend 2 hours to get the homework done.,"Good thing you listened carefully in the lecture, otherwise this homework would have been much more difficult!",They must have taught this in the lecture you skipped because you were out fighting crime... ,,,,-10,0,0,5,0,120,-10,0,0,-5,0,120,,,,,,,,,,,,,0,0,0,-10,0,0
Uni,Attend Lecture,1:00:00,"Although not mandatory, the lectures are extremely helpful and provide a significant amount of the knowledge required to pass.",Go and pay attention to the lecturer.,You listen to every word spoken carefully and take detailed and organized notes.,You were up all night fighting crime and were just too exhausted to pay attention.,,,,-10,0,0,5,0,60,-15,0,0,-5,0,60,,,,,,,,,,,,,0,0,0,-5,0,0
Uni,Study,0,"There is always something to catch up on. You should put some Uni work in, so you stay on top of things.","Work for 2 hours, catch up on some reading to be done.",It's an interesting read and you make good progress. Reminds you why you chose this course.,"You have trouble concentrating on the text, your mind wonders on other problems. After you finish, you don't remember too much of what you read.",,,,-10,0,0,10,0,120,-10,0,0,5,0,120,,,,,,,,,,,,,0,0,0,0,0,0
Uni,Do Homework,1:00:00,A lot of individual work needs to be put into each module. You won't pass by just attending the lectures!,Spend 2 hours to get the homework done.,"Good thing you listened carefully in the lecture, otherwise this homework would have been much more difficult!",They must have taught this in the lecture you skipped because you were out fighting crime... ,,,,-10,0,0,5,0,120,-10,0,0,-5,0,120,,,,,,,,,,,,,0,0,0,-10,0,0
Uni,Attend Lecture,1:00:00,"Although not mandatory, the lectures are extremely helpful and provide a significant amount of the knowledge required to pass.",Go and pay attention to the lecturer.,You listen to every word spoken carefully and take detailed and organized notes.,You were up all night fighting crime and were just too exhausted to pay attention.,,,,-10,0,0,5,0,60,-15,0,0,-5,0,60,,,,,,,,,,,,,0,0,0,-5,0,0
Uni,Study,0,"There is always something to catch up on. You should put some Uni work in, so you stay on top of things.","Work for 2 hours, catch up on some reading to be done.",It's an interesting read and you make good progress. Reminds you why you chose this course.,"You have trouble concentrating on the text, your mind wonders on other problems. After you finish, you don't remember too much of what you read.",,,,-10,0,0,10,0,120,-10,0,0,5,0,120,,,,,,,,,,,,,0,0,0,0,0,0
Uni,Do Homework,1:00:00,A lot of individual work needs to be put into each module. You won't pass by just attending the lectures!,Spend 2 hours to get the homework done.,"Good thing you listened carefully in the lecture, otherwise this homework would have been much more difficult!",They must have taught this in the lecture you skipped because you were out fighting crime... ,,,,-10,0,0,5,0,120,-10,0,0,-5,0,120,,,,,,,,,,,,,0,0,0,-10,0,0
Uni,Attend Lecture,1:00:00,"Although not mandatory, the lectures are extremely helpful and provide a significant amount of the knowledge required to pass.",Go and pay attention to the lecturer.,You listen to every word spoken carefully and take detailed and organized notes.,You were up all night fighting crime and were just too exhausted to pay attention.,,,,-10,0,0,5,0,60,-15,0,0,-5,0,60,,,,,,,,,,,,,0,0,0,-5,0,0
Uni,Study,0,"There is always something to catch up on. You should put some Uni work in, so you stay on top of things.","Work for 2 hours, catch up on some reading to be done.",It's an interesting read and you make good progress. Reminds you why you chose this course.,"You have trouble concentrating on the text, your mind wonders on other problems. After you finish, you don't remember too much of what you read.",,,,-10,0,0,10,0,120,-10,0,0,5,0,120,,,,,,,,,,,,,0,0,0,0,0,0
Uni,Do Homework,1:00:00,A lot of individual work needs to be put into each module. You won't pass by just attending the lectures!,Spend 2 hours to get the homework done.,"Good thing you listened carefully in the lecture, otherwise this homework would have been much more difficult!",They must have taught this in the lecture you skipped because you were out fighting crime... ,,,,-10,0,0,5,0,120,-10,0,0,-5,0,120,,,,,,,,,,,,,0,0,0,-10,0,0
Uni,Attend Lecture,1:00:00,"Although not mandatory, the lectures are extremely helpful and provide a significant amount of the knowledge required to pass.",Go and pay attention to the lecturer.,You listen to every word spoken carefully and take detailed and organized notes.,You were up all night fighting crime and were just too exhausted to pay attention.,,,,-10,0,0,5,0,60,-15,0,0,-5,0,60,,,,,,,,,,,,,0,0,0,-5,0,0
Uni,Study,0,"There is always something to catch up on. You should put some Uni work in, so you stay on top of things.","Work for 2 hours, catch up on some reading to be done.",It's an interesting read and you make good progress. Reminds you why you chose this course.,"You have trouble concentrating on the text, your mind wonders on other problems. After you finish, you don't remember too much of what you read.",,,,-10,0,0,10,0,120,-10,0,0,5,0,120,,,,,,,,,,,,,0,0,0,0,0,0
Uni,Do Homework,1:00:00,A lot of individual work needs to be put into each module. You won't pass by just attending the lectures!,Spend 2 hours to get the homework done.,"Good thing you listened carefully in the lecture, otherwise this homework would have been much more difficult!",They must have taught this in the lecture you skipped because you were out fighting crime... ,,,,-10,0,0,5,0,120,-10,0,0,-5,0,120,,,,,,,,,,,,,0,0,0,-10,0,0
Uni,Attend Lecture,1:00:00,"Although not mandatory, the lectures are extremely helpful and provide a significant amount of the knowledge required to pass.",Go and pay attention to the lecturer.,You listen to every word spoken carefully and take detailed and organized notes.,You were up all night fighting crime and were just too exhausted to pay attention.,,,,-10,0,0,5,0,60,-15,0,0,-5,0,60,,,,,,,,,,,,,0,0,0,-5,0,0
Uni,Study,0,"There is always something to catch up on. You should put some Uni work in, so you stay on top of things.","Work for 2 hours, catch up on some reading to be done.",It's an interesting read and you make good progress. Reminds you why you chose this course.,"You have trouble concentrating on the text, your mind wonders on other problems. After you finish, you don't remember too much of what you read.",,,,-10,0,0,10,0,120,-10,0,0,5,0,120,,,,,,,,,,,,,0,0,0,0,0,0
Uni,Do Homework,1:00:00,A lot of individual work needs to be put into each module. You won't pass by just attending the lectures!,Spend 2 hours to get the homework done.,"Good thing you listened carefully in the lecture, otherwise this homework would have been much more difficult!",They must have taught this in the lecture you skipped because you were out fighting crime... ,,,,-10,0,0,5,0,120,-10,0,0,-5,0,120,,,,,,,,,,,,,0,0,0,-10,0,0
Uni,Attend Lecture,1:00:00,"Although not mandatory, the lectures are extremely helpful and provide a significant amount of the knowledge required to pass.",Go and pay attention to the lecturer.,You listen to every word spoken carefully and take detailed and organized notes.,You were up all night fighting crime and were just too exhausted to pay attention.,,,,-10,0,0,5,0,60,-15,0,0,-5,0,60,,,,,,,,,,,,,0,0,0,-5,0,0
Uni,Study,0,"There is always something to catch up on. You should put some Uni work in, so you stay on top of things.","Work for 2 hours, catch up on some reading to be done.",It's an interesting read and you make good progress. Reminds you why you chose this course.,"You have trouble concentrating on the text, your mind wonders on other problems. After you finish, you don't remember too much of what you read.",,,,-10,0,0,10,0,120,-10,0,0,5,0,120,,,,,,,,,,,,,0,0,0,0,0,0
Uni,Do Homework,1:00:00,A lot of individual work needs to be put into each module. You won't pass by just attending the lectures!,Spend 2 hours to get the homework done.,"Good thing you listened carefully in the lecture, otherwise this homework would have been much more difficult!",They must have taught this in the lecture you skipped because you were out fighting crime... ,,,,-10,0,0,5,0,120,-10,0,0,-5,0,120,,,,,,,,,,,,,0,0,0,-10,0,0
Work,Do a Shift 1,1:00:00,Your boss really wants you to push today's specials. He even offers a bonus if you manage to sell enough of them.,You tell every customer about the specials and do your best to talk them into it. You could really use the bonus.,You are a better salesperson than you thought. Your wallet is that much thicker.,"It seems like the customers know what they want, and nothing you say can change that. Another day's work.",,,,-50,0,60,0,0,300,-50,5,40,0,0,300,,,,,,,,,,,,,0,0,0,0,0,0
Work,Do a Shift 2,1:00:00,During your shift you are faced with a classic rude customer. Something went wrong with their order and they are taking it out on you.,"You just take it. This is part of the job, as infuriating as it is. You apologise about 100 times and appease the monst- customer with a coupon.",The customer seems to have gotten what they wanted and you move on with your work.,"Though the customer leaves, their words stay with you echoing around in your head for hours. You keep coming up with retorts to their insults.",,,,-50,5,50,0,0,300,-50,15,50,0,0,300,,,,,,,,,,,,,0,0,0,0,0,0
Work,Work Overtime,0:12:00,Your boss called to ask you to come in as they are short-staffed.,"Althought it was not in your plans, some extra cash would be handy.","A calm and peacful shift ensues, working has never felt like such a breeze!",Being short-staffed really takes its toll! You didn't expect that much work when you came in!,,,,-20,5,30,0,0,180,-35,15,30,0,0,180,,,,,,,,,,,,,0,0,0,0,0,0
Work,Team Building Excercise,1:00:00,The scheduled team building excercise is coming up.,Attend the team building.,That was actually very enjoyable! You didn't know your colleagues could be this much fun to hang out with!,"Too bad you didn't call in sick! You knew your colleagues were kind of annoying, but you didn't know exactly how much!",,,,-15,-10,0,0,0,120,-20,10,0,0,0,120,,,,,,,,,,,,,0,0,0,0,0,0
Work,Assessment for Promotion,0:12:00,You've been doing good work and it hasn't gone unnoticed!,Apply for the better position at work.,Your dedication and professionalism pays off! Congratulations on the promotion!,"Although you are a good fit, they found a more qualified person for the position.",,,,-25,10,75,0,0,90,-25,15,0,0,0,90,,,,,,,,,,,,,0,0,0,0,0,0
Work,Inventory Check,1:00:00,Time to check the inventory. Everything must be accounted for and put in black and white!,Make sure all supplies are as detailed in the documentation.,Everything is accounted for and counted. Nice and easy day at work!,"The storeroom is such a mess, how is this even considered a workplace? ",,,,-25,0,50,0,0,300,-20,5,50,0,0,300,,,,,,,,,,,,,0,0,0,0,0,0
Work,Staff Meeting,1:00:00,The weekly staff meeting is up. It is essential to ensure everyone knows what next week's plan for business is.,Go to the meeting.,Seems like everyone is on the same page. Work next week should be nice and simple.,And you thought the meetings you've been having for your group project at uni were unprofessional...How is this even considered a business?,,,,-10,0,25,0,0,60,-20,5,25,0,0,60,,,,,,,,,,,,,0,0,0,0,0,0
Work,Do a Shift 3,1:00:00,An important client is coming today so your boss has asked you to ensure everything goes as smoothly as possible.,Make sure the workplace is clean and tidy and tell all your colleagues to be at their best behaviour.,"Everything went without a hitch, your boss is quite happy!",The systematic unprofessionalism you've noticed at the work place was very present today as well. The client was not impressed...,,,,-50,0,60,0,0,300,-50,10,50,0,0,300,,,,,,,,,,,,,0,0,0,0,0,0
Work,Do a Shift 4,1:00:00,The inventory needs to be restocked today. It'll be a day of physical labour. Good think you work out every day for your... other job.,Get everything in the storeroom and organize it so it is easy to find and take later.,The order arrived on time and for once everyone worked in tandem to get it sorted as quick as possible.,"Your colleagues slacked unusually much today, leaving you to do most of the work yourself.",,,,-50,0,50,0,0,300,-60,0,50,0,0,300,,,,,,,,,,,,,0,0,0,0,0,0
Work,Do a Shift,1:00:00,Just another day at work.,Work.,The day went by without anything memorable happening.,"You were up all night fighting crime and were just too exhausted to do your job right, it didn't go unnoticed by your boss.",,,,-50,0,50,0,0,300,-60,0,50,0,0,300,,,,,,,,,,,,,0,0,0,0,0,0
Work,Do a Shift,1:00:00,Just another day at work.,Work.,The day went by without anything memorable happening.,"You were up all night fighting crime and were just too exhausted to do your job right, it didn't go unnoticed by your boss.",,,,-50,0,50,0,0,300,-60,0,50,0,0,300,,,,,,,,,,,,,0,0,0,0,0,0
Work,Do a Shift,1:00:00,Just another day at work.,Work.,The day went by without anything memorable happening.,"You were up all night fighting crime and were just too exhausted to do your job right, it didn't go unnoticed by your boss.",,,,-50,0,50,0,0,300,-60,0,50,0,0,300,,,,,,,,,,,,,0,0,0,0,0,0
Work,Do a Shift,1:00:00,Just another day at work.,Work.,The day went by without anything memorable happening.,"You were up all night fighting crime and were just too exhausted to do your job right, it didn't go unnoticed by your boss.",,,,-50,0,50,0,0,300,-60,0,50,0,0,300,,,,,,,,,,,,,0,0,0,0,0,0
Work,Do a Shift,1:00:00,Just another day at work.,Work.,The day went by without anything memorable happening.,"You were up all night fighting crime and were just too exhausted to do your job right, it didn't go unnoticed by your boss.",,,,-50,0,50,0,0,300,-60,0,50,0,0,300,,,,,,,,,,,,,0,0,0,0,0,0
Work,Do a Shift,1:00:00,Just another day at work.,Work.,The day went by without anything memorable happening.,"You were up all night fighting crime and were just too exhausted to do your job right, it didn't go unnoticed by your boss.",,,,-50,0,50,0,0,300,-60,0,50,0,0,300,,,,,,,,,,,,,0,0,0,0,0,0
Work,Do a Shift,1:00:00,Just another day at work.,Work.,The day went by without anything memorable happening.,"You were up all night fighting crime and were just too exhausted to do your job right, it didn't go unnoticed by your boss.",,,,-50,0,50,0,0,300,-60,0,50,0,0,300,,,,,,,,,,,,,0,0,0,0,0,0
Work,Do a Shift,1:00:00,Just another day at work.,Work.,The day went by without anything memorable happening.,"You were up all night fighting crime and were just too exhausted to do your job right, it didn't go unnoticed by your boss.",,,,-50,0,50,0,0,300,-60,0,50,0,0,300,,,,,,,,,,,,,0,0,0,0,0,0
Work,Do a Shift,1:00:00,Just another day at work.,Work.,The day went by without anything memorable happening.,"You were up all night fighting crime and were just too exhausted to do your job right, it didn't go unnoticed by your boss.",,,,-50,0,50,0,0,300,-60,0,50,0,0,300,,,,,,,,,,,,,0,0,0,0,0,0
Work,Do a Shift,1:00:00,Just another day at work.,Work.,The day went by without anything memorable happening.,"You were up all night fighting crime and were just too exhausted to do your job right, it didn't go unnoticed by your boss.",,,,-50,0,50,0,0,300,-60,0,50,0,0,300,,,,,,,,,,,,,0,0,0,0,0,0
Work,Work Overtime,0:12:00,Your boss called to ask you to come in as they are short-staffed.,"Althought it was not in your plans, some extra cash would be handy.","A calm and peacful shift ensues, working has never felt like such a breeze!",Being short-staffed really takes its toll! You didn't expect that much work when you came in!,,,,-20,5,30,0,0,180,-35,15,30,0,0,180,,,,,,,,,,,,,0,0,0,0,0,0
Work,Do a Shift,1:00:00,Just another day at work.,Work.,The day went by without anything memorable happening.,"You were up all night fighting crime and were just too exhausted to do your job right, it didn't go unnoticed by your boss.",,,,-50,0,50,0,0,300,-60,0,50,0,0,300,,,,,,,,,,,,,0,0,0,0,0,0
Work,Do a Shift,1:00:00,Just another day at work.,Work.,The day went by without anything memorable happening.,"You were up all night fighting crime and were just too exhausted to do your job right, it didn't go unnoticed by your boss.",,,,-50,0,50,0,0,300,-60,0,50,0,0,300,,,,,,,,,,,,,0,0,0,0,0,0
Work,Do a Shift,1:00:00,Just another day at work.,Work.,The day went by without anything memorable happening.,"You were up all night fighting crime and were just too exhausted to do your job right, it didn't go unnoticed by your boss.",,,,-50,0,50,0,0,300,-60,0,50,0,0,300,,,,,,,,,,,,,0,0,0,0,0,0
Work,Staff Meeting,1:00:00,The weekly staff meeting is up. It is essential to ensure everyone knows what next week's plan for business is.,Go to the meeting.,Seems like everyone is on the same page. Work next week should be nice and simple.,And you thought the meetings you've been having for your group project at uni were unprofessional...How is this even considered a business?,,,,-10,0,25,0,0,60,-20,5,25,0,0,60,,,,,,,,,,,,,0,0,0,0,0,0
Work,Do a Shift,1:00:00,Just another day at work.,Work.,The day went by without anything memorable happening.,"You were up all night fighting crime and were just too exhausted to do your job right, it didn't go unnoticed by your boss.",,,,-50,0,50,0,0,300,-60,0,50,0,0,300,,,,,,,,,,,,,0,0,0,0,0,0
Work,Do a Shift,1:00:00,Just another day at work.,Work.,The day went by without anything memorable happening.,"You were up all night fighting crime and were just too exhausted to do your job right, it didn't go unnoticed by your boss.",,,,-50,0,50,0,0,300,-60,0,50,0,0,300,,,,,,,,,,,,,0,0,0,0,0,0
Work,Do a Shift,1:00:00,Just another day at work.,Work.,The day went by without anything memorable happening.,"You were up all night fighting crime and were just too exhausted to do your job right, it didn't go unnoticed by your boss.",,,,-50,0,50,0,0,300,-60,0,50,0,0,300,,,,,,,,,,,,,0,0,0,0,0,0
Work,Do a Shift,1:00:00,Just another day at work.,Work.,The day went by without anything memorable happening.,"You were up all night fighting crime and were just too exhausted to do your job right, it didn't go unnoticed by your boss.",,,,-50,0,50,0,0,300,-60,0,50,0,0,300,,,,,,,,,,,,,0,0,0,0,0,0
Work,Do a Shift,1:00:00,Just another day at work.,Work.,The day went by without anything memorable happening.,"You were up all night fighting crime and were just too exhausted to do your job right, it didn't go unnoticed by your boss.",,,,-50,0,50,0,0,300,-60,0,50,0,0,300,,,,,,,,,,,,,0,0,0,0,0,0
Work,Do a Shift,1:00:00,Just another day at work.,Work.,The day went by without anything memorable happening.,"You were up all night fighting crime and were just too exhausted to do your job right, it didn't go unnoticed by your boss.",,,,-50,0,50,0,0,300,-60,0,50,0,0,300,,,,,,,,,,,,,0,0,0,0,0,0
Work,Do a Shift,1:00:00,Just another day at work.,Work.,The day went by without anything memorable happening.,"You were up all night fighting crime and were just too exhausted to do your job right, it didn't go unnoticed by your boss.",,,,-50,0,50,0,0,300,-60,0,50,0,0,300,,,,,,,,,,,,,0,0,0,0,0,0
Work,Do a Shift,1:00:00,Just another day at work.,Work.,The day went by without anything memorable happening.,"You were up all night fighting crime and were just too exhausted to do your job right, it didn't go unnoticed by your boss.",,,,-50,0,50,0,0,300,-60,0,50,0,0,300,,,,,,,,,,,,,0,0,0,0,0,0
Work,Do a Shift,1:00:00,Just another day at work.,Work.,The day went by without anything memorable happening.,"You were up all night fighting crime and were just too exhausted to do your job right, it didn't go unnoticed by your boss.",,,,-50,0,50,0,0,300,-60,0,50,0,0,300,,,,,,,,,,,,,0,0,0,0,0,0
Work,Team Building Excercise,1:00:00,The scheduled team building excercise is coming up.,Attend the team building.,That was actually very enjoyable! You didn't know your colleagues could be this much fun to hang out with!,"Too bad you didn't call in sick! You knew your colleagues were kind of annoying, but you didn't know exactly how much!",,,,-15,-10,0,0,0,120,-20,10,0,0,0,120,,,,,,,,,,,,,0,0,0,0,0,0
Work,Work Overtime,0:12:00,Your boss called to ask you to come in as they are short-staffed.,"Althought it was not in your plans, some extra cash would be handy.","A calm and peacful shift ensues, working has never felt like such a breeze!",Being short-staffed really takes its toll! You didn't expect that much work when you came in!,,,,-20,5,30,0,0,180,-35,15,30,0,0,180,,,,,,,,,,,,,0,0,0,0,0,0
Work,Do a Shift,1:00:00,Just another day at work.,Work.,The day went by without anything memorable happening.,"You were up all night fighting crime and were just too exhausted to do your job right, it didn't go unnoticed by your boss.",,,,-50,0,50,0,0,300,-60,0,50,0,0,300,,,,,,,,,,,,,0,0,0,0,0,0
Work,Do a Shift,1:00:00,Just another day at work.,Work.,The day went by without anything memorable happening.,"You were up all night fighting crime and were just too exhausted to do your job right, it didn't go unnoticed by your boss.",,,,-50,0,50,0,0,300,-60,0,50,0,0,300,,,,,,,,,,,,,0,0,0,0,0,0
Work,Do a Shift,1:00:00,Just another day at work.,Work.,The day went by without anything memorable happening.,"You were up all night fighting crime and were just too exhausted to do your job right, it didn't go unnoticed by your boss.",,,,-50,0,50,0,0,300,-60,0,50,0,0,300,,,,,,,,,,,,,0,0,0,0,0,0
Work,Do a Shift,1:00:00,Just another day at work.,Work.,The day went by without anything memorable happening.,"You were up all night fighting crime and were just too exhausted to do your job right, it didn't go unnoticed by your boss.",,,,-50,0,50,0,0,300,-60,0,50,0,0,300,,,,,,,,,,,,,0,0,0,0,0,0
Work,Do a Shift,1:00:00,Just another day at work.,Work.,The day went by without anything memorable happening.,"You were up all night fighting crime and were just too exhausted to do your job right, it didn't go unnoticed by your boss.",,,,-50,0,50,0,0,300,-60,0,50,0,0,300,,,,,,,,,,,,,0,0,0,0,0,0
Work,Do a Shift,1:00:00,Just another day at work.,Work.,The day went by without anything memorable happening.,"You were up all night fighting crime and were just too exhausted to do your job right, it didn't go unnoticed by your boss.",,,,-50,0,50,0,0,300,-60,0,50,0,0,300,,,,,,,,,,,,,0,0,0,0,0,0
Work,Do a Shift,1:00:00,Just another day at work.,Work.,The day went by without anything memorable happening.,"You were up all night fighting crime and were just too exhausted to do your job right, it didn't go unnoticed by your boss.",,,,-50,0,50,0,0,300,-60,0,50,0,0,300,,,,,,,,,,,,,0,0,0,0,0,0
Work,Do a Shift,1:00:00,Just another day at work.,Work.,The day went by without anything memorable happening.,"You were up all night fighting crime and were just too exhausted to do your job right, it didn't go unnoticed by your boss.",,,,-50,0,50,0,0,300,-60,0,50,0,0,300,,,,,,,,,,,,,0,0,0,0,0,0
Work,Do a Shift,1:00:00,Just another day at work.,Work.,The day went by without anything memorable happening.,"You were up all night fighting crime and were just too exhausted to do your job right, it didn't go unnoticed by your boss.",,,,-50,0,50,0,0,300,-60,0,50,0,0,300,,,,,,,,,,,,,0,0,0,0,0,0
Work,Staff Meeting,1:00:00,The weekly staff meeting is up. It is essential to ensure everyone knows what next week's plan for business is.,Go to the meeting.,Seems like everyone is on the same page. Work next week should be nice and simple.,And you thought the meetings you've been having for your group project at uni were unprofessional...How is this even considered a business?,,,,-10,0,25,0,0,60,-20,5,25,0,0,60,,,,,,,,,,,,,0,0,0,0,0,0
Work,Do a Shift,1:00:00,Just another day at work.,Work.,The day went by without anything memorable happening.,"You were up all night fighting crime and were just too exhausted to do your job right, it didn't go unnoticed by your boss.",,,,-50,0,50,0,0,300,-60,0,50,0,0,300,,,,,,,,,,,,,0,0,0,0,0,0
Work,Do a Shift,1:00:00,Just another day at work.,Work.,The day went by without anything memorable happening.,"You were up all night fighting crime and were just too exhausted to do your job right, it didn't go unnoticed by your boss.",,,,-50,0,50,0,0,300,-60,0,50,0,0,300,,,,,,,,,,,,,0,0,0,0,0,0
Work,Do a Shift,1:00:00,Just another day at work.,Work.,The day went by without anything memorable happening.,"You were up all night fighting crime and were just too exhausted to do your job right, it didn't go unnoticed by your boss.",,,,-50,0,50,0,0,300,-60,0,50,0,0,300,,,,,,,,,,,,,0,0,0,0,0,0
Work,Do a Shift,1:00:00,Just another day at work.,Work.,The day went by without anything memorable happening.,"You were up all night fighting crime and were just too exhausted to do your job right, it didn't go unnoticed by your boss.",,,,-50,0,50,0,0,300,-60,0,50,0,0,300,,,,,,,,,,,,,0,0,0,0,0,0
Work,Do a Shift,1:00:00,Just another day at work.,Work.,The day went by without anything memorable happening.,"You were up all night fighting crime and were just too exhausted to do your job right, it didn't go unnoticed by your boss.",,,,-50,0,50,0,0,300,-60,0,50,0,0,300,,,,,,,,,,,,,0,0,0,0,0,0
Work,Do a Shift,1:00:00,Just another day at work.,Work.,The day went by without anything memorable happening.,"You were up all night fighting crime and were just too exhausted to do your job right, it didn't go unnoticed by your boss.",,,,-50,0,50,0,0,300,-60,0,50,0,0,300,,,,,,,,,,,,,0,0,0,0,0,0
Work,Do a Shift,1:00:00,Just another day at work.,Work.,The day went by without anything memorable happening.,"You were up all night fighting crime and were just too exhausted to do your job right, it didn't go unnoticed by your boss.",,,,-50,0,50,0,0,300,-60,0,50,0,0,300,,,,,,,,,,,,,0,0,0,0,0,0
Work,Do a Shift,1:00:00,Just another day at work.,Work.,The day went by without anything memorable happening.,"You were up all night fighting crime and were just too exhausted to do your job right, it didn't go unnoticed by your boss.",,,,-50,0,50,0,0,300,-60,0,50,0,0,300,,,,,,,,,,,,,0,0,0,0,0,0
Work,Do a Shift,1:00:00,Just another day at work.,Work.,The day went by without anything memorable happening.,"You were up all night fighting crime and were just too exhausted to do your job right, it didn't go unnoticed by your boss.",,,,-50,0,50,0,0,300,-60,0,50,0,0,300,,,,,,,,,,,,,0,0,0,0,0,0
Work,Team Building Excercise,1:00:00,The scheduled team building excercise is coming up.,Attend the team building.,That was actually very enjoyable! You didn't know your colleagues could be this much fun to hang out with!,"Too bad you didn't call in sick! You knew your colleagues were kind of annoying, but you didn't know exactly how much!",,,,-15,-10,0,0,0,120,-20,10,0,0,0,120,,,,,,,,,,,,,0,0,0,0,0,0
Work,Work Overtime,0:12:00,Your boss called to ask you to come in as they are short-staffed.,"Althought it was not in your plans, some extra cash would be handy.","A calm and peacful shift ensues, working has never felt like such a breeze!",Being short-staffed really takes its toll! You didn't expect that much work when you came in!,,,,-20,5,30,0,0,180,-35,15,30,0,0,180,,,,,,,,,,,,,0,0,0,0,0,0
Work,Staff Meeting,1:00:00,The weekly staff meeting is up. It is essential to ensure everyone knows what next week's plan for business is.,Go to the meeting.,Seems like everyone is on the same page. Work next week should be nice and simple.,And you thought the meetings you've been having for your group project at uni were unprofessional...How is this even considered a business?,,,,-10,0,25,0,0,60,-20,5,25,0,0,60,,,,,,,,,,,,,0,0,0,0,0,0
Work,Do a Shift,1:00:00,Just another day at work.,Work.,The day went by without anything memorable happening.,"You were up all night fighting crime and were just too exhausted to do your job right, it didn't go unnoticed by your boss.",,,,-50,0,50,0,0,300,-60,0,50,0,0,300,,,,,,,,,,,,,0,0,0,0,0,0
Work,Do a Shift,1:00:00,Just another day at work.,Work.,The day went by without anything memorable happening.,"You were up all night fighting crime and were just too exhausted to do your job right, it didn't go unnoticed by your boss.",,,,-50,0,50,0,0,300,-60,0,50,0,0,300,,,,,,,,,,,,,0,0,0,0,0,0
Work,Do a Shift,1:00:00,Just another day at work.,Work.,The day went by without anything memorable happening.,"You were up all night fighting crime and were just too exhausted to do your job right, it didn't go unnoticed by your boss.",,,,-50,0,50,0,0,300,-60,0,50,0,0,300,,,,,,,,,,,,,0,0,0,0,0,0
Crime,Stop Mugging,0:00:05,You hear paniced cries down an alley. Someone is in trouble.,Stop the crime and catch the criminals. No escape from Justice!,You leave the criminals tied up for the police to find. The victim is grateful and starts tweeting about you as soon as you turn to leave.,"You try to ambush them, but it doesn't work out. You get beaten up pretty bad.",,,,-10,0,0,0,-3,10,-10,2,0,0,0,10,,,,,,,,,,,,,0,1,0,0,3,0
Crime,Foil Bank Heist,0:01:00,"Through your police scanner you hear about a bank robbery in progress. They have taken hostages, and the police hasn't arrived yet. You race to the scene and consider your approach.","You decide to contain them until police arrives. You will make sure they don't flee, or hurt the hostages.",You make sure they notice you outside the building before taking cover. Knowing your reputation they stay inside and before soon you hear the police sirens. Once they surround the building you decide it's time to take off and you sneak away.,"You make sure they notice you outside before taking cover. They must not have heard about you, because they come charging out of the building pinning you down behind cover with gunfire. They get into cars parked in front of the bank and flee.",,,,-10,0,0,0,-10,60,-10,5,0,0,10,60,,,,,,,,,,,,,0,0,0,0,20,0
Crime,Interrupt Drug Deal,0:00:30,You get information that there is a major drug deal going down in the city. ,"You decide to interrupt it, and catch all parties involved.",You do everything by the book and apprehend everyone involved and the streets are safer for it!,"Althought you manage to stop the deal and catch everyone involved, you are badly hurt in the confrontation.",,,,-10,0,0,0,-10,15,-20,5,0,0,0,15,,,,,,,,,,,,,0,0,0,0,20,0
Crime,Stop Supervillain,0:00:15,The supervillain known as Black Wight is causing chaos in the city! He needs to be stopped!,Stop Black Wight!,"Although the battle was tough, you were victorious and the Black Wight will live the rest of his life behind bars!","The Black Wight turned out to be a stronger opponent than anticipated. Good thing the police arrived just in time and caused him to run away, otherwise he would have finished you! ",,,,-50,10,0,0,-25,20,-75,25,0,0,25,20,,,,,,,,,,,,,0,0,0,0,35,0
Crime,Fight Supervillains,0:01:00,"A bunch of supervillains have grouped up, calling themselves The Ferocious Five, and are terrorizing the city! They need to be stopped!",Fight The Ferocious Five!,"After a hard-fought battle, you manage to prevail against all odds. The Ferocious Five will not be causing trouble agaom any time soon!","The Ferocious Five prove to be too big of a challenge! Their numbers advantage is a bit too much for you, forcing you to retreat, barely escaping with your life.",,,,-75,20,0,0,-40,30,-90,35,0,0,35,30,,,,,,,,,,,,,0,0,0,0,50,0
Crime,Get a Cat off a Tree,0:01:00,An old lady's cat has gotten out and is stuck in a tree. Time to be a superhero!,Get the cat.,The soft and fluffy thing comes down without resistance. It purrs in your hands as you hand it back to its owner.,"After an unneccessary struggle, you bring the cat down with a bunch of new scratches down your arms. You'll need to sew your suit again...",,,,-10,0,0,0,-5,5,-15,5,0,0,0,5,,,,,,,,,,,,,0,0,0,0,0,0
Crime,Stop School Bullies,0:00:15,A bunch of kids are bullying a younger child.,Scatter the bullies.,Showing up in defense of the kid made all the bullies run away. They'll think twice before bullying again.,Those bullies were smarter than you thought... They knew you weren't going to hurt them so they just started making fun of your costume. Your pride is kind of hurt.,,,,-10,0,0,0,-5,5,-10,5,0,0,5,5,,,,,,,,,,,,,0,0,0,0,10,0
Crime,Stop Car Chase,0:00:30,A high speed car chase is going on in the city streets. You could intercept them if you are quick enough!,Stop the car chase!,"Planning out your route perfectly allowed you to get ahead of them, using your powers to stop the criminals as they were about to lose the cops!",You weren't quick enough! You almost got ran over as the criminals escaped!,,,,-30,0,0,0,-20,15,-50,0,0,0,20,15,,,,,,,,,,,,,0,0,0,0,25,0
Crime,Intervene in Gang Fight,0:00:15,"Two rival gangs are going at each other, if you don't intervene someone could get seriously hurt!",Intervene and stop the fighting!,Your superiour fighting skills and equipment let you easily dispatch of all trouble makers. Everyone involved is successfully apprehended.,"Upon seeing you, both gangs forgot about the dispute they had and focused their anger towards you. You had to make a run for it.",,,,-25,0,0,0,-20,10,-30,0,0,0,20,10,,,,,,,,,,,,,0,0,0,0,25,0
Crime,Stop Football Hooligans,0:01:00,The Rangers - Celtics game was tonight and you know what that means...,Prevent the fans from causing any serious damage.,"As soon as anyone begins any hooligan activities, you show up, making them think twice.","It seems like superheroes are not intimidating enough for drunk people! As soon as you show up, they begin throwing bottles and cans at you.",,,,-20,0,0,0,-15,30,-25,0,0,0,15,30,,,,,,,,,,,,,0,0,0,0,20,0
Crime,Stop Mugging,0:00:05,You hear paniced cries down an alley. Someone is in trouble.,Stop the crime and catch the criminals. No escape from Justice!,You leave the criminals tied up for the police to find. The victim is grateful and starts tweeting about you as soon as you turn to leave.,"You try to ambush them, but it doesn't work out. You get beaten up pretty bad.",,,,-10,0,0,0,-3,10,-10,2,0,0,0,10,,,,,,,,,,,,,0,1,0,0,3,0
Crime,Stop Mugging,0:00:05,You hear paniced cries down an alley. Someone is in trouble.,Stop the crime and catch the criminals. No escape from Justice!,You leave the criminals tied up for the police to find. The victim is grateful and starts tweeting about you as soon as you turn to leave.,"You try to ambush them, but it doesn't work out. You get beaten up pretty bad.",,,,-10,0,0,0,-3,10,-10,2,0,0,0,10,,,,,,,,,,,,,0,1,0,0,3,0
Crime,Stop Mugging,0:00:05,You hear paniced cries down an alley. Someone is in trouble.,Stop the crime and catch the criminals. No escape from Justice!,You leave the criminals tied up for the police to find. The victim is grateful and starts tweeting about you as soon as you turn to leave.,"You try to ambush them, but it doesn't work out. You get beaten up pretty bad.",,,,-10,0,0,0,-3,10,-10,2,0,0,0,10,,,,,,,,,,,,,0,1,0,0,3,0
Crime,Stop Mugging,0:00:05,You hear paniced cries down an alley. Someone is in trouble.,Stop the crime and catch the criminals. No escape from Justice!,You leave the criminals tied up for the police to find. The victim is grateful and starts tweeting about you as soon as you turn to leave.,"You try to ambush them, but it doesn't work out. You get beaten up pretty bad.",,,,-10,0,0,0,-3,10,-10,2,0,0,0,10,,,,,,,,,,,,,0,1,0,0,3,0
Crime,Stop Mugging,0:00:05,You hear paniced cries down an alley. Someone is in trouble.,Stop the crime and catch the criminals. No escape from Justice!,You leave the criminals tied up for the police to find. The victim is grateful and starts tweeting about you as soon as you turn to leave.,"You try to ambush them, but it doesn't work out. You get beaten up pretty bad.",,,,-10,0,0,0,-3,10,-10,2,0,0,0,10,,,,,,,,,,,,,0,1,0,0,3,0
Crime,Stop Supervillain,0:00:15,The supervillain known as Cunticus is causing chaos in the city! He needs to be stopped!,Stop Cunticus!,"Although the battle was tough, you were victorious and the Cunticus will live the rest of his life behind bars!","Cunticus turned out to be a stronger opponent than anticipated. Good thing the police arrived just in time and caused him to run away, otherwise he would have finished you! ",,,,-50,10,0,0,-25,20,-75,25,0,0,25,20,,,,,,,,,,,,,0,0,0,0,35,0
Crime,Stop Car Chase,0:00:30,A high speed car chase is going on in the city streets. You could intercept them if you are quick enough!,Stop the car chase!,"Planning out your route perfectly allowed you to get ahead of them, using your powers to stop the criminals as they were about to lose the cops!",You weren't quick enough! You almost got ran over as the criminals escaped!,,,,-30,0,0,0,-20,15,-50,0,0,0,20,15,,,,,,,,,,,,,0,0,0,0,25,0
Crime,Intervene in Gang Fight,0:00:15,"Two rival gangs are going at each other, if you don't intervene someone could get seriously hurt!",Intervene and stop the fighting!,Your superiour fighting skills and equipment let you easily dispatch of all trouble makers. Everyone involved is successfully apprehended.,"Upon seeing you, both gangs forgot about the dispute they had and focused their anger towards you. You had to make a run for it.",,,,-25,0,0,0,-20,10,-30,0,0,0,20,10,,,,,,,,,,,,,0,0,0,0,25,0
Crime,Stop Football Hooligans,0:01:00,The Scotland - Ireland game was tonight and you know what that means...,Prevent the fans from causing any serious damage.,"As soon as anyone begins any hooligan activities, you show up, making them think twice.","It seems like superheroes are not intimidating enough for drunk people! As soon as you show up, they begin throwing bottles and cans at you.",,,,-20,0,0,0,-15,30,-25,0,0,0,15,30,,,,,,,,,,,,,0,0,0,0,20,0
Crime,Stop Mugging,0:00:05,You hear paniced cries down an alley. Someone is in trouble.,Stop the crime and catch the criminals. No escape from Justice!,You leave the criminals tied up for the police to find. The victim is grateful and starts tweeting about you as soon as you turn to leave.,"You try to ambush them, but it doesn't work out. You get beaten up pretty bad.",,,,-10,0,0,0,-3,10,-10,2,0,0,0,10,,,,,,,,,,,,,0,1,0,0,3,0
Crime,Stop Mugging,0:00:05,You hear paniced cries down an alley. Someone is in trouble.,Stop the crime and catch the criminals. No escape from Justice!,You leave the criminals tied up for the police to find. The victim is grateful and starts tweeting about you as soon as you turn to leave.,"You try to ambush them, but it doesn't work out. You get beaten up pretty bad.",,,,-10,0,0,0,-3,10,-10,2,0,0,0,10,,,,,,,,,,,,,0,1,0,0,3,0
Crime,Stop Mugging,0:00:05,You hear paniced cries down an alley. Someone is in trouble.,Stop the crime and catch the criminals. No escape from Justice!,You leave the criminals tied up for the police to find. The victim is grateful and starts tweeting about you as soon as you turn to leave.,"You try to ambush them, but it doesn't work out. You get beaten up pretty bad.",,,,-10,0,0,0,-3,10,-10,2,0,0,0,10,,,,,,,,,,,,,0,1,0,0,3,0
Crime,Stop Mugging,0:00:05,You hear paniced cries down an alley. Someone is in trouble.,Stop the crime and catch the criminals. No escape from Justice!,You leave the criminals tied up for the police to find. The victim is grateful and starts tweeting about you as soon as you turn to leave.,"You try to ambush them, but it doesn't work out. You get beaten up pretty bad.",,,,-10,0,0,0,-3,10,-10,2,0,0,0,10,,,,,,,,,,,,,0,1,0,0,3,0
Crime,Stop Car Chase,0:00:30,A high speed car chase is going on in the city streets. You could intercept them if you are quick enough!,Stop the car chase!,"Planning out your route perfectly allowed you to get ahead of them, using your powers to stop the criminals as they were about to lose the cops!",You weren't quick enough! You almost got ran over as the criminals escaped!,,,,-30,0,0,0,-20,15,-50,0,0,0,20,15,,,,,,,,,,,,,0,0,0,0,25,0
Crime,Intervene in Gang Fight,0:00:15,"Two rival gangs are going at each other, if you don't intervene someone could get seriously hurt!",Intervene and stop the fighting!,Your superiour fighting skills and equipment let you easily dispatch of all trouble makers. Everyone involved is successfully apprehended.,"Upon seeing you, both gangs forgot about the dispute they had and focused their anger towards you. You had to make a run for it.",,,,-25,0,0,0,-20,10,-30,0,0,0,20,10,,,,,,,,,,,,,0,0,0,0,25,0
Crime,Stop Mugging,0:00:05,You hear paniced cries down an alley. Someone is in trouble.,Stop the crime and catch the criminals. No escape from Justice!,You leave the criminals tied up for the police to find. The victim is grateful and starts tweeting about you as soon as you turn to leave.,"You try to ambush them, but it doesn't work out. You get beaten up pretty bad.",,,,-10,0,0,0,-3,10,-10,2,0,0,0,10,,,,,,,,,,,,,0,1,0,0,3,0
Crime,Stop Mugging,0:00:05,You hear paniced cries down an alley. Someone is in trouble.,Stop the crime and catch the criminals. No escape from Justice!,You leave the criminals tied up for the police to find. The victim is grateful and starts tweeting about you as soon as you turn to leave.,"You try to ambush them, but it doesn't work out. You get beaten up pretty bad.",,,,-10,0,0,0,-3,10,-10,2,0,0,0,10,,,,,,,,,,,,,0,1,0,0,3,0
Crime,Stop Mugging,0:00:05,You hear paniced cries down an alley. Someone is in trouble.,Stop the crime and catch the criminals. No escape from Justice!,You leave the criminals tied up for the police to find. The victim is grateful and starts tweeting about you as soon as you turn to leave.,"You try to ambush them, but it doesn't work out. You get beaten up pretty bad.",,,,-10,0,0,0,-3,10,-10,2,0,0,0,10,,,,,,,,,,,,,0,1,0,0,3,0
Crime,Stop Mugging,0:00:05,You hear paniced cries down an alley. Someone is in trouble.,Stop the crime and catch the criminals. No escape from Justice!,You leave the criminals tied up for the police to find. The victim is grateful and starts tweeting about you as soon as you turn to leave.,"You try to ambush them, but it doesn't work out. You get beaten up pretty bad.",,,,-10,0,0,0,-3,10,-10,2,0,0,0,10,,,,,,,,,,,,,0,1,0,0,3,0
Crime,Interrupt Drug Deal,0:00:30,You get information that there is a major drug deal going down in the city. ,"You decide to interrupt it, and catch all parties involved.",You do everything by the book and apprehend everyone involved and the streets are safer for it!,"Althought you manage to stop the deal and catch everyone involved, you are badly hurt in the confrontation.",,,,-10,0,0,0,-10,15,-20,5,0,0,0,15,,,,,,,,,,,,,0,0,0,0,20,0
Crime,Stop Supervillain,0:00:15,The supervillain known as The Blue Bastard is causing chaos in the city! He needs to be stopped!,Stop The Blue Bastard!,"Although the battle was tough, you were victorious and the The Blue Bastardwill live the rest of his life behind bars!","The Blue Bastard turned out to be a stronger opponent than anticipated. Good thing the police arrived just in time and caused him to run away, otherwise he would have finished you! ",,,,-50,10,0,0,-25,20,-75,25,0,0,25,20,,,,,,,,,,,,,0,0,0,0,35,0
Crime,Stop Car Chase,0:00:30,A high speed car chase is going on in the city streets. You could intercept them if you are quick enough!,Stop the car chase!,"Planning out your route perfectly allowed you to get ahead of them, using your powers to stop the criminals as they were about to lose the cops!",You weren't quick enough! You almost got ran over as the criminals escaped!,,,,-30,0,0,0,-20,15,-50,0,0,0,20,15,,,,,,,,,,,,,0,0,0,0,25,0
Crime,Intervene in Gang Fight,0:00:15,"Two rival gangs are going at each other, if you don't intervene someone could get seriously hurt!",Intervene and stop the fighting!,Your superiour fighting skills and equipment let you easily dispatch of all trouble makers. Everyone involved is successfully apprehended.,"Upon seeing you, both gangs forgot about the dispute they had and focused their anger towards you. You had to make a run for it.",,,,-25,0,0,0,-20,10,-30,0,0,0,20,10,,,,,,,,,,,,,0,0,0,0,25,0
Crime,Stop Football Hooligans,0:01:00,The Scotland - England game was tonight and you know what that means...,Prevent the fans from causing any serious damage.,"As soon as anyone begins any hooligan activities, you show up, making them think twice.","It seems like superheroes are not intimidating enough for drunk people! As soon as you show up, they begin throwing bottles and cans at you.",,,,-20,0,0,0,-15,30,-25,0,0,0,15,30,,,,,,,,,,,,,0,0,0,0,20,0
Crime,Stop Mugging,0:00:05,You hear paniced cries down an alley. Someone is in trouble.,Stop the crime and catch the criminals. No escape from Justice!,You leave the criminals tied up for the police to find. The victim is grateful and starts tweeting about you as soon as you turn to leave.,"You try to ambush them, but it doesn't work out. You get beaten up pretty bad.",,,,-10,0,0,0,-3,10,-10,2,0,0,0,10,,,,,,,,,,,,,0,1,0,0,3,0
Crime,Stop Mugging,0:00:05,You hear paniced cries down an alley. Someone is in trouble.,Stop the crime and catch the criminals. No escape from Justice!,You leave the criminals tied up for the police to find. The victim is grateful and starts tweeting about you as soon as you turn to leave.,"You try to ambush them, but it doesn't work out. You get beaten up pretty bad.",,,,-10,0,0,0,-3,10,-10,2,0,0,0,10,,,,,,,,,,,,,0,1,0,0,3,0
Crime,Stop Mugging,0:00:05,You hear paniced cries down an alley. Someone is in trouble.,Stop the crime and catch the criminals. No escape from Justice!,You leave the criminals tied up for the police to find. The victim is grateful and starts tweeting about you as soon as you turn to leave.,"You try to ambush them, but it doesn't work out. You get beaten up pretty bad.",,,,-10,0,0,0,-3,10,-10,2,0,0,0,10,,,,,,,,,,,,,0,1,0,0,3,0
Crime,Stop Mugging,0:00:05,You hear paniced cries down an alley. Someone is in trouble.,Stop the crime and catch the criminals. No escape from Justice!,You leave the criminals tied up for the police to find. The victim is grateful and starts tweeting about you as soon as you turn to leave.,"You try to ambush them, but it doesn't work out. You get beaten up pretty bad.",,,,-10,0,0,0,-3,10,-10,2,0,0,0,10,,,,,,,,,,,,,0,1,0,0,3,0
Crime,Stop Car Chase,0:00:30,A high speed car chase is going on in the city streets. You could intercept them if you are quick enough!,Stop the car chase!,"Planning out your route perfectly allowed you to get ahead of them, using your powers to stop the criminals as they were about to lose the cops!",You weren't quick enough! You almost got ran over as the criminals escaped!,,,,-30,0,0,0,-20,15,-50,0,0,0,20,15,,,,,,,,,,,,,0,0,0,0,25,0
Crime,Intervene in Gang Fight,0:00:15,"Two rival gangs are going at each other, if you don't intervene someone could get seriously hurt!",Intervene and stop the fighting!,Your superiour fighting skills and equipment let you easily dispatch of all trouble makers. Everyone involved is successfully apprehended.,"Upon seeing you, both gangs forgot about the dispute they had and focused their anger towards you. You had to make a run for it.",,,,-25,0,0,0,-20,10,-30,0,0,0,20,10,,,,,,,,,,,,,0,0,0,0,25,0
Crime,Stop Mugging,0:00:05,You hear paniced cries down an alley. Someone is in trouble.,Stop the crime and catch the criminals. No escape from Justice!,You leave the criminals tied up for the police to find. The victim is grateful and starts tweeting about you as soon as you turn to leave.,"You try to ambush them, but it doesn't work out. You get beaten up pretty bad.",,,,-10,0,0,0,-3,10,-10,2,0,0,0,10,,,,,,,,,,,,,0,1,0,0,3,0
Crime,Stop Mugging,0:00:05,You hear paniced cries down an alley. Someone is in trouble.,Stop the crime and catch the criminals. No escape from Justice!,You leave the criminals tied up for the police to find. The victim is grateful and starts tweeting about you as soon as you turn to leave.,"You try to ambush them, but it doesn't work out. You get beaten up pretty bad.",,,,-10,0,0,0,-3,10,-10,2,0,0,0,10,,,,,,,,,,,,,0,1,0,0,3,0
Crime,Stop Mugging,0:00:05,You hear paniced cries down an alley. Someone is in trouble.,Stop the crime and catch the criminals. No escape from Justice!,You leave the criminals tied up for the police to find. The victim is grateful and starts tweeting about you as soon as you turn to leave.,"You try to ambush them, but it doesn't work out. You get beaten up pretty bad.",,,,-10,0,0,0,-3,10,-10,2,0,0,0,10,,,,,,,,,,,,,0,1,0,0,3,0
Crime,Stop Mugging,0:00:05,You hear paniced cries down an alley. Someone is in trouble.,Stop the crime and catch the criminals. No escape from Justice!,You leave the criminals tied up for the police to find. The victim is grateful and starts tweeting about you as soon as you turn to leave.,"You try to ambush them, but it doesn't work out. You get beaten up pretty bad.",,,,-10,0,0,0,-3,10,-10,2,0,0,0,10,,,,,,,,,,,,,0,1,0,0,3,0
Crime,Stop Mugging,0:00:05,You hear paniced cries down an alley. Someone is in trouble.,Stop the crime and catch the criminals. No escape from Justice!,You leave the criminals tied up for the police to find. The victim is grateful and starts tweeting about you as soon as you turn to leave.,"You try to ambush them, but it doesn't work out. You get beaten up pretty bad.",,,,-10,0,0,0,-3,10,-10,2,0,0,0,10,,,,,,,,,,,,,0,1,0,0,3,0
Crime,Stop Mugging,0:00:05,You hear paniced cries down an alley. Someone is in trouble.,Stop the crime and catch the criminals. No escape from Justice!,You leave the criminals tied up for the police to find. The victim is grateful and starts tweeting about you as soon as you turn to leave.,"You try to ambush them, but it doesn't work out. You get beaten up pretty bad.",,,,-10,0,0,0,-3,10,-10,2,0,0,0,10,,,,,,,,,,,,,0,1,0,0,3,0
Crime,Stop Mugging,0:00:05,You hear paniced cries down an alley. Someone is in trouble.,Stop the crime and catch the criminals. No escape from Justice!,You leave the criminals tied up for the police to find. The victim is grateful and starts tweeting about you as soon as you turn to leave.,"You try to ambush them, but it doesn't work out. You get beaten up pretty bad.",,,,-10,0,0,0,-3,10,-10,2,0,0,0,10,,,,,,,,,,,,,0,1,0,0,3,0
Crime,Stop Mugging,0:00:05,You hear paniced cries down an alley. Someone is in trouble.,Stop the crime and catch the criminals. No escape from Justice!,You leave the criminals tied up for the police to find. The victim is grateful and starts tweeting about you as soon as you turn to leave.,"You try to ambush them, but it doesn't work out. You get beaten up pretty bad.",,,,-10,0,0,0,-3,10,-10,2,0,0,0,10,,,,,,,,,,,,,0,1,0,0,3,0
Crime,Stop Car Chase,0:00:30,A high speed car chase is going on in the city streets. You could intercept them if you are quick enough!,Stop the car chase!,"Planning out your route perfectly allowed you to get ahead of them, using your powers to stop the criminals as they were about to lose the cops!",You weren't quick enough! You almost got ran over as the criminals escaped!,,,,-30,0,0,0,-20,15,-50,0,0,0,20,15,,,,,,,,,,,,,0,0,0,0,25,0
Crime,Intervene in Gang Fight,0:00:15,"Two rival gangs are going at each other, if you don't intervene someone could get seriously hurt!",Intervene and stop the fighting!,Your superiour fighting skills and equipment let you easily dispatch of all trouble makers. Everyone involved is successfully apprehended.,"Upon seeing you, both gangs forgot about the dispute they had and focused their anger towards you. You had to make a run for it.",,,,-25,0,0,0,-20,10,-30,0,0,0,20,10,,,,,,,,,,,,,0,0,0,0,25,0
Crime,Stop Mugging,0:00:05,You hear paniced cries down an alley. Someone is in trouble.,Stop the crime and catch the criminals. No escape from Justice!,You leave the criminals tied up for the police to find. The victim is grateful and starts tweeting about you as soon as you turn to leave.,"You try to ambush them, but it doesn't work out. You get beaten up pretty bad.",,,,-10,0,0,0,-3,10,-10,2,0,0,0,10,,,,,,,,,,,,,0,1,0,0,3,0
Crime,Stop Mugging,0:00:05,You hear paniced cries down an alley. Someone is in trouble.,Stop the crime and catch the criminals. No escape from Justice!,You leave the criminals tied up for the police to find. The victim is grateful and starts tweeting about you as soon as you turn to leave.,"You try to ambush them, but it doesn't work out. You get beaten up pretty bad.",,,,-10,0,0,0,-3,10,-10,2,0,0,0,10,,,,,,,,,,,,,0,1,0,0,3,0
Crime,Stop Mugging,0:00:05,You hear paniced cries down an alley. Someone is in trouble.,Stop the crime and catch the criminals. No escape from Justice!,You leave the criminals tied up for the police to find. The victim is grateful and starts tweeting about you as soon as you turn to leave.,"You try to ambush them, but it doesn't work out. You get beaten up pretty bad.",,,,-10,0,0,0,-3,10,-10,2,0,0,0,10,,,,,,,,,,,,,0,1,0,0,3,0
Crime,Stop Mugging,0:00:05,You hear paniced cries down an alley. Someone is in trouble.,Stop the crime and catch the criminals. No escape from Justice!,You leave the criminals tied up for the police to find. The victim is grateful and starts tweeting about you as soon as you turn to leave.,"You try to ambush them, but it doesn't work out. You get beaten up pretty bad.",,,,-10,0,0,0,-3,10,-10,2,0,0,0,10,,,,,,,,,,,,,0,1,0,0,3,0
Crime,Stop Mugging,0:00:05,You hear paniced cries down an alley. Someone is in trouble.,Stop the crime and catch the criminals. No escape from Justice!,You leave the criminals tied up for the police to find. The victim is grateful and starts tweeting about you as soon as you turn to leave.,"You try to ambush them, but it doesn't work out. You get beaten up pretty bad.",,,,-10,0,0,0,-3,10,-10,2,0,0,0,10,,,,,,,,,,,,,0,1,0,0,3,0
Crime,Stop Mugging,0:00:05,You hear paniced cries down an alley. Someone is in trouble.,Stop the crime and catch the criminals. No escape from Justice!,You leave the criminals tied up for the police to find. The victim is grateful and starts tweeting about you as soon as you turn to leave.,"You try to ambush them, but it doesn't work out. You get beaten up pretty bad.",,,,-10,0,0,0,-3,10,-10,2,0,0,0,10,,,,,,,,,,,,,0,1,0,0,3,0
Crime,Stop Mugging,0:00:05,You hear paniced cries down an alley. Someone is in trouble.,Stop the crime and catch the criminals. No escape from Justice!,You leave the criminals tied up for the police to find. The victim is grateful and starts tweeting about you as soon as you turn to leave.,"You try to ambush them, but it doesn't work out. You get beaten up pretty bad.",,,,-10,0,0,0,-3,10,-10,2,0,0,0,10,,,,,,,,,,,,,0,1,0,0,3,0
Crime,Stop Mugging,0:00:05,You hear paniced cries down an alley. Someone is in trouble.,Stop the crime and catch the criminals. No escape from Justice!,You leave the criminals tied up for the police to find. The victim is grateful and starts tweeting about you as soon as you turn to leave.,"You try to ambush them, but it doesn't work out. You get beaten up pretty bad.",,,,-10,0,0,0,-3,10,-10,2,0,0,0,10,,,,,,,,,,,,,0,1,0,0,3,0
Crime,Stop Car Chase,0:00:30,A high speed car chase is going on in the city streets. You could intercept them if you are quick enough!,Stop the car chase!,"Planning out your route perfectly allowed you to get ahead of them, using your powers to stop the criminals as they were about to lose the cops!",You weren't quick enough! You almost got ran over as the criminals escaped!,,,,-30,0,0,0,-20,15,-50,0,0,0,20,15,,,,,,,,,,,,,0,0,0,0,25,0
Crime,Intervene in Gang Fight,0:00:15,"Two rival gangs are going at each other, if you don't intervene someone could get seriously hurt!",Intervene and stop the fighting!,Your superiour fighting skills and equipment let you easily dispatch of all trouble makers. Everyone involved is successfully apprehended.,"Upon seeing you, both gangs forgot about the dispute they had and focused their anger towards you. You had to make a run for it.",,,,-25,0,0,0,-20,10,-30,0,0,0,20,10,,,,,,,,,,,,,0,0,0,0,25,0
Relax,Grab a Drink with Friends,0,"You need to unwind, and grabbing a drink with your best friends sounds like a good idea.",This is a good opportunity to share some of the difficulties you are facing with your friends. They probably have some great advice.,"Your friends reassure you that your problems are normal. If only they knew... Well, having their support feels good anyway.","Your friends reassure you that your problems are normal. If only they knew... Well, having their support feels good anyway.",,,,-30,-20,-10,0,0,180,-30,-20,-10,0,0,180,,,,,,,,,,,,,0,0,0,0,0,0
Relax,Play Video Games,0,You plop down in you beanbag chair in front of your TV and start browsing your game collection.,"You pick an old favorite. The graphics may be dated, and you could probably finish it with eyes closed, but it is comfort, which is exactly what you need.","You quickly become lost in the familiar world, and the memories of a more care-free time return.","You quickly become lost in the familiar world, and the memories of a more care-free time return.",,,,-20,-15,0,0,0,180,-20,-15,0,0,0,180,,,,,,,,,,,,,0,0,0,0,0,0
Relax,Relax with Significant Other,0,All you want to do after the stress of recent events is relax with your significant other. Now is the perfect time to do so!,"Rest in silence or talk all evening, it is always beneficial.","A wonderful time of peace and serenity ensues, perhaps it's high time to give yourselves more time for such activities.","A wonderful time of peace and serenity ensues, perhaps it's high time to give yourselves more time for such activities.",,,,-10,-25,0,0,0,180,-10,-25,0,0,0,180,,,,,,,,,,,,,0,0,0,0,0,0
Relax,Watch a Movie,0,You've been looking forward to this movie for a while! Grab the popcorn!,"It's been a while since you went to the cinema, perhaps you should do it more often as it is strangely relaxing.",That. Movie. Was. Epic.,That. Movie. Was. Epic.,,,,-10,-15,-5,0,0,150,-10,-15,-5,0,0,150,,,,,,,,,,,,,0,0,0,0,0,0
Relax,Go for a Jog,0,Running without full-body spandex is much better!,There's something extremely relaxing about a nice jog after a full day of running around and fighting crime.,Nothing beats some cardio after a full day of crime fighting!,Nothing beats some cardio after a full day of crime fighting!,,,,-15,-20,0,0,0,30,-15,-20,0,0,0,30,,,,,,,,,,,,,0,0,0,0,0,0
Relax,Visit Family,0,Spend some time with the family.,A nice family dinner is always a good choice.,You find very few things as peaceful as your childhood home.,You find very few things as peaceful as your childhood home.,,,,-10,-25,0,0,0,150,-10,-25,0,0,0,150,,,,,,,,,,,,,0,0,0,0,0,0
Relax,Take a Nap,0,A short power nap might be just what you need before continuing on with all responsibilities!,A 20-30 minute nap tends to be very refreshing.,"Rested and recharged, it is time to tackle all of life challenges again!","Rested and recharged, it is time to tackle all of life challenges again!",,,,15,-15,0,0,0,30,15,-15,0,0,0,30,,,,,,,,,,,,,0,0,0,0,0,0
Relax,Workout,0,"You have to keep your good shape, otherwise the criminals might get the better of you.","A solid work-out, although exhausting, can be very relaxing.",You feel the burn... and smell the sweat... you might need a shower.,You feel the burn... and smell the sweat... you might need a shower.,,,,-20,-20,0,0,0,60,-20,-20,0,0,0,60,,,,,,,,,,,,,0,0,0,0,0,0
Relax,Read a Book,0,Sometimes diving into the world of fiction is exactly what you need.,The next chapter awaits!,"That author is really good, you did not expect that plot twist at all!","That author is really good, you did not expect that plot twist at all!",,,,-5,-15,0,0,0,120,-5,-15,0,0,0,120,,,,,,,,,,,,,0,0,0,0,0,0
Relax,Listen to Music,0,Plug in the headphones and relax.,"Regardless of whether you go back to classic tunes or explore new albums, music has always been stress-free.",Turning yourself off to the noise of the outside world is always relaxing.,Turning yourself off to the noise of the outside world is always relaxing.,,,,0,-10,0,0,0,30,0,-10,0,0,0,30,,,,,,,,,,,,,0,0,0,0,0,0
Relax,Grab a Drink with Friends,0,"You need to unwind, and grabbing a drink with your best friends sounds like a good idea.",This is a good opportunity to share some of the difficulties you are facing with your friends. They probably have some great advice.,"Your friends reassure you that your problems are normal. If only they knew... Well, having their support feels good anyway.","Your friends reassure you that your problems are normal. If only they knew... Well, having their support feels good anyway.",,,,-30,-20,-10,0,0,180,-30,-20,-10,0,0,180,,,,,,,,,,,,,0,0,0,0,0,0
Relax,Play Video Games,0,You plop down in you beanbag chair in front of your TV and start browsing your game collection.,"You pick an old favorite. The graphics may be dated, and you could probably finish it with eyes closed, but it is comfort, which is exactly what you need.","You quickly become lost in the familiar world, and the memories of a more care-free time return.","You quickly become lost in the familiar world, and the memories of a more care-free time return.",,,,-20,-15,0,0,0,180,-20,-15,0,0,0,180,,,,,,,,,,,,,0,0,0,0,0,0
Relax,Relax with Significant Other,0,All you want to do after the stress of recent events is relax with your significant other. Now is the perfect time to do so!,"Rest in silence or talk all evening, it is always beneficial.","A wonderful time of peace and serenity ensues, perhaps it's high time to give yourselves more time for such activities.","A wonderful time of peace and serenity ensues, perhaps it's high time to give yourselves more time for such activities.",,,,-10,-25,0,0,0,180,-10,-25,0,0,0,180,,,,,,,,,,,,,0,0,0,0,0,0
Relax,Watch a Movie,0,You've been looking forward to this movie for a while! Grab the popcorn!,"It's been a while since you went to the cinema, perhaps you should do it more often as it is strangely relaxing.",That. Movie. Was. Epic.,That. Movie. Was. Epic.,,,,-10,-15,-5,0,0,150,-10,-15,-5,0,0,150,,,,,,,,,,,,,0,0,0,0,0,0
Relax,Go for a Jog,0,Running without full-body spandex is much better!,There's something extremely relaxing about a nice jog after a full day of running around and fighting crime.,Nothing beats some cardio after a full day of crime fighting!,Nothing beats some cardio after a full day of crime fighting!,,,,-15,-20,0,0,0,30,-15,-20,0,0,0,30,,,,,,,,,,,,,0,0,0,0,0,0
Relax,Visit Family,0,Spend some time with the family.,A nice family dinner is always a good choice.,You find very few things as peaceful as your childhood home.,You find very few things as peaceful as your childhood home.,,,,-10,-25,0,0,0,150,-10,-25,0,0,0,150,,,,,,,,,,,,,0,0,0,0,0,0
Relax,Take a Nap,0,A short power nap might be just what you need before continuing on with all responsibilities!,A 20-30 minute nap tends to be very refreshing.,"Rested and recharged, it is time to tackle all of life challenges again!","Rested and recharged, it is time to tackle all of life challenges again!",,,,15,-15,0,0,0,30,15,-15,0,0,0,30,,,,,,,,,,,,,0,0,0,0,0,0
Relax,Workout,0,"You have to keep your good shape, otherwise the criminals might get the better of you.","A solid work-out, although exhausting, can be very relaxing.",You feel the burn... and smell the sweat... you might need a shower.,You feel the burn... and smell the sweat... you might need a shower.,,,,-20,-20,0,0,0,60,-20,-20,0,0,0,60,,,,,,,,,,,,,0,0,0,0,0,0
Relax,Read a Book,0,Sometimes diving into the world of fiction is exactly what you need.,The next chapter awaits!,"That author is really good, you did not expect that plot twist at all!","That author is really good, you did not expect that plot twist at all!",,,,-5,-15,0,0,0,120,-5,-15,0,0,0,120,,,,,,,,,,,,,0,0,0,0,0,0
Relax,Listen to Music,0,Plug in the headphones and relax.,"Regardless of whether you go back to classic tunes or explore new albums, music has always been stress-free.",Turning yourself off to the noise of the outside world is always relaxing.,Turning yourself off to the noise of the outside world is always relaxing.,,,,0,-10,0,0,0,30,0,-10,0,0,0,30,,,,,,,,,,,,,0,0,0,0,0,0
Relax,Grab a Drink with Friends,0,"You need to unwind, and grabbing a drink with your best friends sounds like a good idea.",This is a good opportunity to share some of the difficulties you are facing with your friends. They probably have some great advice.,"Your friends reassure you that your problems are normal. If only they knew... Well, having their support feels good anyway.","Your friends reassure you that your problems are normal. If only they knew... Well, having their support feels good anyway.",,,,-30,-20,-10,0,0,180,-30,-20,-10,0,0,180,,,,,,,,,,,,,0,0,0,0,0,0
Relax,Play Video Games,0,You plop down in you beanbag chair in front of your TV and start browsing your game collection.,"You pick an old favorite. The graphics may be dated, and you could probably finish it with eyes closed, but it is comfort, which is exactly what you need.","You quickly become lost in the familiar world, and the memories of a more care-free time return.","You quickly become lost in the familiar world, and the memories of a more care-free time return.",,,,-20,-15,0,0,0,180,-20,-15,0,0,0,180,,,,,,,,,,,,,0,0,0,0,0,0
Relax,Relax with Significant Other,0,All you want to do after the stress of recent events is relax with your significant other. Now is the perfect time to do so!,"Rest in silence or talk all evening, it is always beneficial.","A wonderful time of peace and serenity ensues, perhaps it's high time to give yourselves more time for such activities.","A wonderful time of peace and serenity ensues, perhaps it's high time to give yourselves more time for such activities.",,,,-10,-25,0,0,0,180,-10,-25,0,0,0,180,,,,,,,,,,,,,0,0,0,0,0,0
Relax,Watch a Movie,0,You've been looking forward to this movie for a while! Grab the popcorn!,"It's been a while since you went to the cinema, perhaps you should do it more often as it is strangely relaxing.",That. Movie. Was. Epic.,That. Movie. Was. Epic.,,,,-10,-15,-5,0,0,150,-10,-15,-5,0,0,150,,,,,,,,,,,,,0,0,0,0,0,0
Relax,Go for a Jog,0,Running without full-body spandex is much better!,There's something extremely relaxing about a nice jog after a full day of running around and fighting crime.,Nothing beats some cardio after a full day of crime fighting!,Nothing beats some cardio after a full day of crime fighting!,,,,-15,-20,0,0,0,30,-15,-20,0,0,0,30,,,,,,,,,,,,,0,0,0,0,0,0
Relax,Visit Family,0,Spend some time with the family.,A nice family dinner is always a good choice.,You find very few things as peaceful as your childhood home.,You find very few things as peaceful as your childhood home.,,,,-10,-25,0,0,0,150,-10,-25,0,0,0,150,,,,,,,,,,,,,0,0,0,0,0,0
Relax,Take a Nap,0,A short power nap might be just what you need before continuing on with all responsibilities!,A 20-30 minute nap tends to be very refreshing.,"Rested and recharged, it is time to tackle all of life challenges again!","Rested and recharged, it is time to tackle all of life challenges again!",,,,15,-15,0,0,0,30,15,-15,0,0,0,30,,,,,,,,,,,,,0,0,0,0,0,0
Relax,Workout,0,"You have to keep your good shape, otherwise the criminals might get the better of you.","A solid work-out, although exhausting, can be very relaxing.",You feel the burn... and smell the sweat... you might need a shower.,You feel the burn... and smell the sweat... you might need a shower.,,,,-20,-20,0,0,0,60,-20,-20,0,0,0,60,,,,,,,,,,,,,0,0,0,0,0,0
Relax,Read a Book,0,Sometimes diving into the world of fiction is exactly what you need.,The next chapter awaits!,"That author is really good, you did not expect that plot twist at all!","That author is really good, you did not expect that plot twist at all!",,,,-5,-15,0,0,0,120,-5,-15,0,0,0,120,,,,,,,,,,,,,0,0,0,0,0,0
Relax,Listen to Music,0,Plug in the headphones and relax.,"Regardless of whether you go back to classic tunes or explore new albums, music has always been stress-free.",Turning yourself off to the noise of the outside world is always relaxing.,Turning yourself off to the noise of the outside world is always relaxing.,,,,0,-10,0,0,0,30,0,-10,0,0,0,30,,,,,,,,,,,,,0,0,0,0,0,0
Relax,Grab a Drink with Friends,0,"You need to unwind, and grabbing a drink with your best friends sounds like a good idea.",This is a good opportunity to share some of the difficulties you are facing with your friends. They probably have some great advice.,"Your friends reassure you that your problems are normal. If only they knew... Well, having their support feels good anyway.","Your friends reassure you that your problems are normal. If only they knew... Well, having their support feels good anyway.",,,,-30,-20,-10,0,0,180,-30,-20,-10,0,0,180,,,,,,,,,,,,,0,0,0,0,0,0
Relax,Play Video Games,0,You plop down in you beanbag chair in front of your TV and start browsing your game collection.,"You pick an old favorite. The graphics may be dated, and you could probably finish it with eyes closed, but it is comfort, which is exactly what you need.","You quickly become lost in the familiar world, and the memories of a more care-free time return.","You quickly become lost in the familiar world, and the memories of a more care-free time return.",,,,-20,-15,0,0,0,180,-20,-15,0,0,0,180,,,,,,,,,,,,,0,0,0,0,0,0
Relax,Relax with Significant Other,0,All you want to do after the stress of recent events is relax with your significant other. Now is the perfect time to do so!,"Rest in silence or talk all evening, it is always beneficial.","A wonderful time of peace and serenity ensues, perhaps it's high time to give yourselves more time for such activities.","A wonderful time of peace and serenity ensues, perhaps it's high time to give yourselves more time for such activities.",,,,-10,-25,0,0,0,180,-10,-25,0,0,0,180,,,,,,,,,,,,,0,0,0,0,0,0
Relax,Watch a Movie,0,You've been looking forward to this movie for a while! Grab the popcorn!,"It's been a while since you went to the cinema, perhaps you should do it more often as it is strangely relaxing.",That. Movie. Was. Epic.,That. Movie. Was. Epic.,,,,-10,-15,-5,0,0,150,-10,-15,-5,0,0,150,,,,,,,,,,,,,0,0,0,0,0,0
Relax,Go for a Jog,0,Running without full-body spandex is much better!,There's something extremely relaxing about a nice jog after a full day of running around and fighting crime.,Nothing beats some cardio after a full day of crime fighting!,Nothing beats some cardio after a full day of crime fighting!,,,,-15,-20,0,0,0,30,-15,-20,0,0,0,30,,,,,,,,,,,,,0,0,0,0,0,0
Relax,Visit Family,0,Spend some time with the family.,A nice family dinner is always a good choice.,You find very few things as peaceful as your childhood home.,You find very few things as peaceful as your childhood home.,,,,-10,-25,0,0,0,150,-10,-25,0,0,0,150,,,,,,,,,,,,,0,0,0,0,0,0
Relax,Take a Nap,0,A short power nap might be just what you need before continuing on with all responsibilities!,A 20-30 minute nap tends to be very refreshing.,"Rested and recharged, it is time to tackle all of life challenges again!","Rested and recharged, it is time to tackle all of life challenges again!",,,,15,-15,0,0,0,30,15,-15,0,0,0,30,,,,,,,,,,,,,0,0,0,0,0,0
Relax,Workout,0,"You have to keep your good shape, otherwise the criminals might get the better of you.","A solid work-out, although exhausting, can be very relaxing.",You feel the burn... and smell the sweat... you might need a shower.,You feel the burn... and smell the sweat... you might need a shower.,,,,-20,-20,0,0,0,60,-20,-20,0,0,0,60,,,,,,,,,,,,,0,0,0,0,0,0
Relax,Read a Book,0,Sometimes diving into the world of fiction is exactly what you need.,The next chapter awaits!,"That author is really good, you did not expect that plot twist at all!","That author is really good, you did not expect that plot twist at all!",,,,-5,-15,0,0,0,120,-5,-15,0,0,0,120,,,,,,,,,,,,,0,0,0,0,0,0
Relax,Listen to Music,0,Plug in the headphones and relax.,"Regardless of whether you go back to classic tunes or explore new albums, music has always been stress-free.",Turning yourself off to the noise of the outside world is always relaxing.,Turning yourself off to the noise of the outside world is always relaxing.,,,,0,-10,0,0,0,30,0,-10,0,0,0,30,,,,,,,,,,,,,0,0,0,0,0,0
Relax,Grab a Drink with Friends,0,"You need to unwind, and grabbing a drink with your best friends sounds like a good idea.",This is a good opportunity to share some of the difficulties you are facing with your friends. They probably have some great advice.,"Your friends reassure you that your problems are normal. If only they knew... Well, having their support feels good anyway.","Your friends reassure you that your problems are normal. If only they knew... Well, having their support feels good anyway.",,,,-30,-20,-10,0,0,180,-30,-20,-10,0,0,180,,,,,,,,,,,,,0,0,0,0,0,0
Relax,Play Video Games,0,You plop down in you beanbag chair in front of your TV and start browsing your game collection.,"You pick an old favorite. The graphics may be dated, and you could probably finish it with eyes closed, but it is comfort, which is exactly what you need.","You quickly become lost in the familiar world, and the memories of a more care-free time return.","You quickly become lost in the familiar world, and the memories of a more care-free time return.",,,,-20,-15,0,0,0,180,-20,-15,0,0,0,180,,,,,,,,,,,,,0,0,0,0,0,0
Relax,Relax with Significant Other,0,All you want to do after the stress of recent events is relax with your significant other. Now is the perfect time to do so!,"Rest in silence or talk all evening, it is always beneficial.","A wonderful time of peace and serenity ensues, perhaps it's high time to give yourselves more time for such activities.","A wonderful time of peace and serenity ensues, perhaps it's high time to give yourselves more time for such activities.",,,,-10,-25,0,0,0,180,-10,-25,0,0,0,180,,,,,,,,,,,,,0,0,0,0,0,0
Relax,Watch a Movie,0,You've been looking forward to this movie for a while! Grab the popcorn!,"It's been a while since you went to the cinema, perhaps you should do it more often as it is strangely relaxing.",That. Movie. Was. Epic.,That. Movie. Was. Epic.,,,,-10,-15,-5,0,0,150,-10,-15,-5,0,0,150,,,,,,,,,,,,,0,0,0,0,0,0
Relax,Go for a Jog,0,Running without full-body spandex is much better!,There's something extremely relaxing about a nice jog after a full day of running around and fighting crime.,Nothing beats some cardio after a full day of crime fighting!,Nothing beats some cardio after a full day of crime fighting!,,,,-15,-20,0,0,0,30,-15,-20,0,0,0,30,,,,,,,,,,,,,0,0,0,0,0,0
Relax,Visit Family,0,Spend some time with the family.,A nice family dinner is always a good choice.,You find very few things as peaceful as your childhood home.,You find very few things as peaceful as your childhood home.,,,,-10,-25,0,0,0,150,-10,-25,0,0,0,150,,,,,,,,,,,,,0,0,0,0,0,0
Relax,Take a Nap,0,A short power nap might be just what you need before continuing on with all responsibilities!,A 20-30 minute nap tends to be very refreshing.,"Rested and recharged, it is time to tackle all of life challenges again!","Rested and recharged, it is time to tackle all of life challenges again!",,,,15,-15,0,0,0,30,15,-15,0,0,0,30,,,,,,,,,,,,,0,0,0,0,0,0
Relax,Workout,0,"You have to keep your good shape, otherwise the criminals might get the better of you.","A solid work-out, although exhausting, can be very relaxing.",You feel the burn... and smell the sweat... you might need a shower.,You feel the burn... and smell the sweat... you might need a shower.,,,,-20,-20,0,0,0,60,-20,-20,0,0,0,60,,,,,,,,,,,,,0,0,0,0,0,0
Relax,Read a Book,0,Sometimes diving into the world of fiction is exactly what you need.,The next chapter awaits!,"That author is really good, you did not expect that plot twist at all!","That author is really good, you did not expect that plot twist at all!",,,,-5,-15,0,0,0,120,-5,-15,0,0,0,120,,,,,,,,,,,,,0,0,0,0,0,0
Relax,Listen to Music,0,Plug in the headphones and relax.,"Regardless of whether you go back to classic tunes or explore new albums, music has always been stress-free.",Turning yourself off to the noise of the outside world is always relaxing.,Turning yourself off to the noise of the outside world is always relaxing.,,,,0,-10,0,0,0,30,0,-10,0,0,0,30,,,,,,,,,,,,,0,0,0,0,0,0
Relax,Grab a Drink with Friends,0,"You need to unwind, and grabbing a drink with your best friends sounds like a good idea.",This is a good opportunity to share some of the difficulties you are facing with your friends. They probably have some great advice.,"Your friends reassure you that your problems are normal. If only they knew... Well, having their support feels good anyway.","Your friends reassure you that your problems are normal. If only they knew... Well, having their support feels good anyway.",,,,-30,-20,-10,0,0,180,-30,-20,-10,0,0,180,,,,,,,,,,,,,0,0,0,0,0,0
Relax,Play Video Games,0,You plop down in you beanbag chair in front of your TV and start browsing your game collection.,"You pick an old favorite. The graphics may be dated, and you could probably finish it with eyes closed, but it is comfort, which is exactly what you need.","You quickly become lost in the familiar world, and the memories of a more care-free time return.","You quickly become lost in the familiar world, and the memories of a more care-free time return.",,,,-20,-15,0,0,0,180,-20,-15,0,0,0,180,,,,,,,,,,,,,0,0,0,0,0,0
Relax,Relax with Significant Other,0,All you want to do after the stress of recent events is relax with your significant other. Now is the perfect time to do so!,"Rest in silence or talk all evening, it is always beneficial.","A wonderful time of peace and serenity ensues, perhaps it's high time to give yourselves more time for such activities.","A wonderful time of peace and serenity ensues, perhaps it's high time to give yourselves more time for such activities.",,,,-10,-25,0,0,0,180,-10,-25,0,0,0,180,,,,,,,,,,,,,0,0,0,0,0,0
Relax,Watch a Movie,0,You've been looking forward to this movie for a while! Grab the popcorn!,"It's been a while since you went to the cinema, perhaps you should do it more often as it is strangely relaxing.",That. Movie. Was. Epic.,That. Movie. Was. Epic.,,,,-10,-15,-5,0,0,150,-10,-15,-5,0,0,150,,,,,,,,,,,,,0,0,0,0,0,0
Relax,Go for a Jog,0,Running without full-body spandex is much better!,There's something extremely relaxing about a nice jog after a full day of running around and fighting crime.,Nothing beats some cardio after a full day of crime fighting!,Nothing beats some cardio after a full day of crime fighting!,,,,-15,-20,0,0,0,30,-15,-20,0,0,0,30,,,,,,,,,,,,,0,0,0,0,0,0
Relax,Visit Family,0,Spend some time with the family.,A nice family dinner is always a good choice.,You find very few things as peaceful as your childhood home.,You find very few things as peaceful as your childhood home.,,,,-10,-25,0,0,0,150,-10,-25,0,0,0,150,,,,,,,,,,,,,0,0,0,0,0,0
Relax,Take a Nap,0,A short power nap might be just what you need before continuing on with all responsibilities!,A 20-30 minute nap tends to be very refreshing.,"Rested and recharged, it is time to tackle all of life challenges again!","Rested and recharged, it is time to tackle all of life challenges again!",,,,15,-15,0,0,0,30,15,-15,0,0,0,30,,,,,,,,,,,,,0,0,0,0,0,0
Relax,Workout,0,"You have to keep your good shape, otherwise the criminals might get the better of you.","A solid work-out, although exhausting, can be very relaxing.",You feel the burn... and smell the sweat... you might need a shower.,You feel the burn... and smell the sweat... you might need a shower.,,,,-20,-20,0,0,0,60,-20,-20,0,0,0,60,,,,,,,,,,,,,0,0,0,0,0,0
Relax,Read a Book,0,Sometimes diving into the world of fiction is exactly what you need.,The next chapter awaits!,"That author is really good, you did not expect that plot twist at all!","That author is really good, you did not expect that plot twist at all!",,,,-5,-15,0,0,0,120,-5,-15,0,0,0,120,,,,,,,,,,,,,0,0,0,0,0,0
Relax,Listen to Music,0,Plug in the headphones and relax.,"Regardless of whether you go back to classic tunes or explore new albums, music has always been stress-free.",Turning yourself off to the noise of the outside world is always relaxing.,Turning yourself off to the noise of the outside world is always relaxing.,,,,0,-10,0,0,0,30,0,-10,0,0,0,30,,,,,,,,,,,,,0,0,0,0,0,0
Sleep,Sleep,0,Time to rest.,Sleep.,You sleep like a baby.,"You keep stirring all night, and wake up exhausted.",,,,100,0,0,0,0,480,70,5,0,0,0,0,,,,,,,,,,,,,0,0,0,0,0,0